OriginMicrotypeID,DestinationMicrotypeID,DistanceBinID,From,1,2,3,4,5,6
1,1,long,1,0.877893025,0.047764057,0.07167239,0.000502183,0.002026398,0.0
1,1,long,2,0.494272215,0.368775288,0.12895963300000002,0.006415929,0.0012081560000000002,0.00036878
1,1,long,3,0.537598785,0.09579696,0.36641329899999997,0.000190956,0.0,0.0
1,1,long,4,0.40896684299999997,0.009091418,0.20476177399999998,0.377179965,0.0,0.0
1,1,long,5,0.280606784,0.019824621,0.55802425,0.009702664,0.13184168,0.0
1,1,long,6,0.0,1.0,0.0,0.0,0.0,0.0
1,1,medium,1,0.9055446140000001,0.047015523,0.046588878,0.000637063,3.8299999999999996e-05,0.0
1,1,medium,2,0.706260888,0.23576118399999998,0.050313755999999994,0.0074017480000000005,0.00026242400000000003,0.0
1,1,medium,3,0.672845424,0.031265026,0.29588955100000003,0.0,0.0,0.0
1,1,medium,4,1.0,0.0,0.0,0.0,0.0,0.0
1,1,medium,5,0.0,0.0,1.0,0.0,0.0,0.0
1,1,short,1,0.9438221990000001,0.035860302999999996,0.019947456000000002,8.47e-05,0.0,0.0
1,1,short,2,0.901959352,0.09804064800000001,0.0,0.0,0.0,0.0
1,1,short,3,0.946712882,0.0,0.053287118,0.0,0.0,0.0
1,1,short,4,1.0,0.0,0.0,0.0,0.0,0.0
1,1,xlong,1,0.925168159,0.029958636,0.039712942,7.840000000000001e-05,0.004825594,0.00017392200000000002
1,1,xlong,2,0.23797496899999998,0.649638925,0.10909502900000001,0.0,0.003059493,0.000231584
1,1,xlong,3,0.230938592,0.10305141400000001,0.6609326010000001,0.0006873560000000001,0.004390038,0.0
1,1,xlong,4,0.0,0.24066862,0.589947416,0.0,0.169383963,0.0
1,1,xlong,5,0.13231717699999998,0.12171290400000001,0.382897235,0.0,0.363072684,0.0
1,1,xlong,6,0.0,0.7831884929999999,0.0,0.0,0.0,0.216811507
1,2,long,1,0.594194433,0.295909247,0.10201243,0.00305094,0.004061373,0.0007715760000000001
1,2,long,2,0.11663792199999999,0.786945503,0.0778168,0.007500822,0.00923234,0.0015504929999999998
1,2,long,3,0.188595994,0.365566457,0.407090877,0.014474200000000001,0.015117883,0.009154588
1,2,long,4,0.08340439,0.571879586,0.239000899,0.097418326,0.008296799,0.0
1,2,long,5,0.009449688000000001,0.430405806,0.258409067,0.00709981,0.293945285,0.000690344
1,2,long,6,0.059690558,0.8082790559999999,0.0028370929999999997,0.001566554,0.009461519,0.11816522
1,2,medium,1,0.490141104,0.427933403,0.070960126,0.006944916,0.003577555,0.000442895
1,2,medium,2,0.11910659800000001,0.847875,0.027296337,0.00211823,0.002296083,0.0007290630000000001
1,2,medium,3,0.177063143,0.568001765,0.252950745,0.001984347,0.0,0.0
1,2,medium,4,0.0011402839999999999,0.46048801799999994,0.0,0.53582628,0.002545418,0.0
1,2,medium,5,0.21468600100000002,0.650478526,0.08254846099999999,0.0,0.052287012,0.0
1,2,medium,6,0.0,0.366496159,0.0,0.0,0.0,0.633503841
1,2,short,1,0.240917678,0.7215374809999999,0.037302786,0.0,0.000242055,0.0
1,2,short,2,0.15359626099999998,0.8332711420000001,0.002788865,0.00485038,0.003312018,0.0
1,2,short,3,0.044880752,0.72953186,0.225587388,0.0,0.0,0.0
1,2,short,4,0.0,1.0,0.0,0.0,0.0,0.0
1,2,short,5,0.0,1.0,0.0,0.0,0.0,0.0
1,2,xlong,1,0.7100090179999999,0.17495993399999998,0.091906526,0.0055001880000000005,0.015192782,0.002431553
1,2,xlong,2,0.059646476,0.806238525,0.09687159099999999,0.013580488,0.021418923,0.00210017
1,2,xlong,3,0.096136272,0.271293033,0.591328836,0.017251226,0.023558636,0.000431997
1,2,xlong,4,0.056799626,0.431430556,0.078637085,0.400289865,0.030362776,0.002480092
1,2,xlong,5,0.041349556,0.37612028,0.12235096300000001,0.039037611,0.401268597,0.019872993000000002
1,2,xlong,6,0.013647015,0.332108825,0.063235182,0.0882812,0.023335301,0.47939247700000004
1,3,long,1,0.5703867570000001,0.17059742100000003,0.23884908300000002,0.01153735,0.00737626,0.001253129
1,3,long,2,0.219948434,0.43922118200000004,0.328543292,0.008144454,0.0034318290000000004,0.000662391
1,3,long,3,0.12647197400000001,0.158355204,0.702589721,0.002283248,0.009556661,0.000326395
1,3,long,4,0.22946629699999999,0.203521924,0.18844379,0.257490975,0.12107701300000001,0.0
1,3,long,5,0.009739275,0.12341697800000001,0.48797207299999995,0.054697267,0.324174407,0.0
1,3,long,6,0.068674266,0.041898909,0.656067183,0.0,0.031762865,0.201596777
1,3,medium,1,0.506517662,0.14008804,0.350444067,0.000166062,0.0025541979999999997,0.00022997
1,3,medium,2,0.183845567,0.207478632,0.583460532,0.000462215,0.024753054,0.0
1,3,medium,3,0.133800257,0.066664807,0.794278923,0.0,0.00442217,0.0
1,3,medium,4,0.0,0.0,0.7629660659999999,0.23703393399999997,0.0,0.0
1,3,medium,5,0.574046204,0.169779285,0.256174511,0.0,0.0,0.0
1,3,medium,6,1.0,0.0,0.0,0.0,0.0,0.0
1,3,short,1,0.249330107,0.052995390999999996,0.697590128,8.44e-05,0.0,0.0
1,3,short,2,0.050005867,0.0060248,0.943969333,0.0,0.0,0.0
1,3,short,3,0.05638927,0.0,0.9402722440000001,0.0,0.0,0.0
1,3,short,4,0.0,0.0,1.0,0.0,0.0,0.0
1,3,xlong,1,0.634603502,0.143840343,0.201238925,0.00428348,0.012106776999999999,0.003926972
1,3,xlong,2,0.10313996800000001,0.615003533,0.24280259,0.021414497,0.017343813,0.000295599
1,3,xlong,3,0.089747757,0.139320293,0.7317472740000001,0.01812695,0.017025143,0.0038942459999999996
1,3,xlong,4,0.023078763999999998,0.10851419,0.484504274,0.313045846,0.054895812,0.015961114
1,3,xlong,5,0.136573911,0.082200003,0.24239998,0.052443708,0.468309052,0.018073346
1,3,xlong,6,0.134121036,0.015551638999999999,0.168437234,0.0,0.230718499,0.451171593
1,4,long,1,0.431925485,0.301887025,0.164403676,0.098145662,0.003638152,0.0
1,4,long,2,0.069859566,0.508454059,0.10910279,0.27515499,0.037428596,0.0
1,4,long,3,0.16535081599999998,0.11232990400000001,0.309566581,0.387670565,0.024768323999999998,0.00031381
1,4,long,4,0.07085787,0.193432915,0.039209253,0.689345688,0.006251936,0.0
1,4,long,5,0.15434958199999999,0.010683143,0.185030577,0.44644723700000005,0.20348946,0.0
1,4,long,6,0.0,0.0,0.0,1.0,0.0,0.0
1,4,medium,1,0.431756143,0.18924804,0.09234843699999999,0.22405491,0.062592469,0.0
1,4,medium,2,0.14678236,0.208381283,0.06808122900000001,0.564931721,0.011823407,0.0
1,4,medium,3,0.054076129,0.047631473,0.08982338699999999,0.8084690109999999,0.0,0.0
1,4,medium,4,0.11433639300000001,0.34319890399999997,0.009696284,0.530144042,0.0,0.0
1,4,medium,5,0.228689802,0.461958995,0.0,0.309351204,0.0,0.0
1,4,short,1,0.152231226,0.067881766,0.0,0.77499219,0.0048948179999999996,0.0
1,4,short,2,0.0,0.0,0.0,1.0,0.0,0.0
1,4,short,4,0.0,0.0,0.0,0.0,0.0,0.0
1,4,short,5,0.0,1.0,0.0,0.0,0.0,0.0
1,4,xlong,1,0.503619319,0.207102053,0.183101312,0.09925731,0.006797968000000001,0.000122038
1,4,xlong,2,0.116546446,0.47189889799999996,0.237819,0.150367064,0.022385508,0.000983084
1,4,xlong,3,0.132582542,0.173451295,0.48763529,0.15951246,0.046818414,0.0
1,4,xlong,4,0.047032977000000004,0.080365799,0.17493840100000002,0.6918113770000001,0.005423595,0.0
1,4,xlong,5,0.02014551,0.262487662,0.131289714,0.273342335,0.31273477899999996,0.0
1,4,xlong,6,0.0,0.461607224,0.0,0.0,0.064579809,0.47381296799999995
1,5,long,1,0.475963446,0.327429843,0.037664484,0.01005726,0.148001591,0.0008833760000000001
1,5,long,2,0.121788707,0.48234310799999996,0.126258019,0.029786832000000003,0.239518368,0.000304966
1,5,long,3,0.064922357,0.24682517199999998,0.286525158,0.017457074,0.381284885,0.0029853540000000004
1,5,long,4,0.004993167,0.053040499000000005,0.027879418,0.41677404700000004,0.497312869,0.0
1,5,long,5,0.04813061,0.06419132799999999,0.027979711,0.03222355,0.8266555459999999,0.0
1,5,long,6,0.0,0.510343642,0.0,0.0,0.48965635799999996,0.0
1,5,medium,1,0.27588807,0.260590186,0.038983875,0.014286133999999999,0.410251735,0.0
1,5,medium,2,0.068827141,0.172327932,0.021996154,0.004899431,0.7319493420000001,0.0
1,5,medium,3,0.29923306899999996,0.244557505,0.125112148,0.0,0.331097278,0.0
1,5,medium,4,0.0,0.94087497,0.0,0.029562515,0.029562515,0.0
1,5,medium,5,0.011656416999999999,0.056869157000000004,0.0,0.0,0.929195503,0.0
1,5,short,1,0.0,0.00879907,0.0,0.0,0.99120093,0.0
1,5,short,2,1.0,0.0,0.0,0.0,0.0,0.0
1,5,short,5,0.0,0.0,0.0,0.0,0.0,0.0
1,5,xlong,1,0.609397096,0.152501365,0.116458793,0.017800055,0.084282254,0.019560438
1,5,xlong,2,0.072876756,0.6106937689999999,0.150760332,0.03079702,0.12282517800000001,0.012046945
1,5,xlong,3,0.11212970400000001,0.189060247,0.5257343560000001,0.031203126,0.12534198800000002,0.016530579
1,5,xlong,4,0.012137907,0.14577165,0.113767515,0.552992825,0.150108249,0.025221854
1,5,xlong,5,0.012484355,0.092500956,0.05947430099999999,0.033069729,0.78883846,0.013066916999999999
1,5,xlong,6,0.110394365,0.116546593,0.0284336,0.0836968,0.293564538,0.367364105
1,6,long,1,0.265342177,0.334611767,0.04062747,0.008420637,0.140041021,0.210956929
1,6,long,2,0.165856618,0.270271531,0.078618488,0.000660937,0.016381762,0.468210664
1,6,long,3,0.14010871,0.133858184,0.295988895,0.014981042,0.0,0.415063169
1,6,long,4,0.6880740059999999,0.220696189,0.020015263000000002,0.0,0.011661413,0.059553129
1,6,long,5,0.004374411,0.269864704,0.03769511,0.0021121779999999997,0.047946354000000004,0.638007243
1,6,long,6,0.0,0.32741657399999996,0.017071348,0.165171064,0.0,0.488134103
1,6,medium,1,0.233247234,0.22413060899999998,0.26151900100000003,0.0,0.0,0.281103156
1,6,medium,2,0.20965730100000002,0.0,0.0,0.0,0.0,0.7903426990000001
1,6,medium,3,0.0,0.0,0.0,0.0,0.0,1.0
1,6,medium,6,0.0,0.0,0.0,0.0,0.0,0.997254753
1,6,xlong,1,0.51041363,0.23870982100000002,0.097505994,0.005787726,0.076323389,0.07125944
1,6,xlong,2,0.105367926,0.5335720110000001,0.087227451,0.011001003999999998,0.07616284799999999,0.18666876
1,6,xlong,3,0.12347859300000001,0.158433931,0.46796377899999997,0.005867086999999999,0.050849648,0.193406962
1,6,xlong,4,0.011029721000000001,0.244932302,0.100477261,0.054570057000000005,0.013059146,0.575931513
1,6,xlong,5,0.13276168800000002,0.083256557,0.052690482000000004,0.02284633,0.522442219,0.18600272399999998
1,6,xlong,6,0.008461642,0.026561971,0.035858943,0.074255513,0.025646216,0.828482319
2,1,long,1,0.763097404,0.16060001699999998,0.071238215,0.00284569,0.00172608,0.000182698
2,1,long,2,0.327427056,0.519229775,0.132501649,0.013287114,0.006045541999999999,0.001508865
2,1,long,3,0.387646065,0.259330821,0.333540684,0.0035703429999999997,0.005737966999999999,0.01017412
2,1,long,4,0.197744306,0.62540378,0.091743802,0.075829393,0.009278719,0.0
2,1,long,5,0.204549571,0.418801146,0.12347674199999999,0.08161828900000001,0.158158519,0.013395733
2,1,long,6,0.6968827120000001,0.128468887,0.00274514,0.001628791,0.009154861,0.16111961
2,1,medium,1,0.846865051,0.11890950800000001,0.029826888,0.003861593,2.97e-05,0.0
2,1,medium,2,0.498205743,0.432071858,0.055668302999999995,0.008290615999999999,0.00523982,0.00052366
2,1,medium,3,0.602063064,0.174014348,0.217429713,0.006492875,0.0,0.0
2,1,medium,4,0.48125448600000004,0.026076506,0.08317793700000001,0.40949107100000004,0.0,0.0
2,1,medium,5,0.682563013,0.28168999,0.03012389,0.0,0.005623106,0.0
2,1,medium,6,0.750416917,0.249583083,0.0,0.0,0.0,0.0
2,1,short,1,0.9076239629999999,0.07590882,0.015248902,0.0,0.0,0.0
2,1,short,2,0.792923464,0.181433436,0.0242323,0.0008918180000000001,0.000518982,0.0
2,1,short,3,0.9865940240000001,0.005209804,0.008196172,0.0,0.0,0.0
2,1,short,4,1.0,0.0,0.0,0.0,0.0,0.0
2,1,short,5,0.8068717009999999,0.0,0.19312829899999998,0.0,0.0,0.0
2,1,xlong,1,0.7916822720000001,0.10405599,0.097279683,0.004211533,0.002320203,0.00024712599999999996
2,1,xlong,2,0.143214923,0.696852499,0.126747094,0.010940512,0.01882298,0.003421992
2,1,xlong,3,0.162706505,0.19232771,0.600347448,0.018414225,0.024593977000000003,0.001610135
2,1,xlong,4,0.134254886,0.21011324,0.134358514,0.46144006,0.05918212900000001,0.000651172
2,1,xlong,5,0.11621935800000001,0.268000483,0.143390226,0.059612354000000006,0.380312472,0.032465106
2,1,xlong,6,0.071275235,0.33332843100000004,0.08459103400000001,0.069014345,0.150338418,0.291452538
2,2,long,1,0.421525124,0.430395808,0.12177149,0.015797448999999998,0.010056969,0.000453159
2,2,long,2,0.038844353,0.8331042009999999,0.085485176,0.016639254,0.024062631,0.001698825
2,2,long,3,0.070263572,0.531755031,0.36508153,0.014266295,0.018340086999999998,0.000226997
2,2,long,4,0.04798608099999999,0.519584584,0.127497691,0.241255288,0.05663542,0.007040937
2,2,long,5,0.019812051,0.574791708,0.06668568400000001,0.024568586,0.300416965,0.013725006000000001
2,2,long,6,0.020516579,0.548796335,0.139855392,0.004958042,0.028993421000000002,0.25688023
2,2,medium,1,0.258455242,0.673130998,0.060795953,0.0043830990000000005,0.002142175,0.001092534
2,2,medium,2,0.036982109,0.885819398,0.04620992,0.013275674,0.017252353999999998,0.00020916400000000002
2,2,medium,3,0.07041563,0.677993774,0.21220896,0.017918754,0.016052924,0.005409957
2,2,medium,4,0.001532168,0.7903698929999999,0.040785357,0.122443885,0.044868698,0.0
2,2,medium,5,0.028397567999999998,0.806940435,0.030842765,0.022484137999999997,0.11133509400000001,0.0
2,2,medium,6,0.0,0.949982533,0.0,0.0,0.0,0.050017467
2,2,short,1,0.184977924,0.666516574,0.007803065,0.0,0.14070243699999999,0.0
2,2,short,2,0.023845297,0.9577021659999999,0.013953054,0.002101906,0.002005378,0.0
2,2,short,3,0.0,0.996345225,0.003654775,0.0,0.0,0.0
2,2,short,4,0.0,0.996978624,0.0,0.0030213759999999997,0.0,0.0
2,2,short,5,0.0,1.0,0.0,0.0,0.0,0.0
2,2,xlong,1,0.658877032,0.21210460399999997,0.10883091800000001,0.010993791000000001,0.007223637,0.001970017
2,2,xlong,2,0.027904363999999997,0.838911445,0.09147359,0.012316299,0.025945807999999997,0.00334185
2,2,xlong,3,0.056943275999999994,0.33498612,0.550751702,0.014247426,0.036858605,0.006182925
2,2,xlong,4,0.026023175,0.32577747,0.16934290300000002,0.40317232700000005,0.065895769,0.009788357
2,2,xlong,5,0.01139199,0.322633722,0.120151218,0.024109306,0.5108315689999999,0.010882195
2,2,xlong,6,0.005153113,0.306351865,0.095968977,0.016754796000000002,0.16192420800000001,0.413847041
2,3,long,1,0.46453511700000005,0.248263078,0.259859923,0.017908095,0.008487030999999999,0.000946755
2,3,long,2,0.061025832,0.551633382,0.328894038,0.028484234,0.028123133999999998,0.001808265
2,3,long,3,0.043150294000000006,0.165010107,0.755737703,0.016640283,0.017203572,0.0019073279999999998
2,3,long,4,0.042068234,0.28614305,0.41346395,0.207215814,0.051108952,0.0
2,3,long,5,0.027253956,0.25669666399999996,0.43118808299999994,0.035451663,0.249409634,0.0
2,3,long,6,0.00969332,0.163461411,0.43219398700000006,0.001639655,0.300811292,0.092200335
2,3,medium,1,0.349654339,0.142723721,0.492531052,0.008446354,0.0066445340000000006,0.0
2,3,medium,2,0.058409477,0.412629375,0.493753127,0.017031599999999997,0.017365062,0.00024623099999999997
2,3,medium,3,0.049826395999999995,0.08631908699999999,0.844185702,0.015695833,0.0031306690000000004,0.0
2,3,medium,4,0.035460155,0.138906966,0.6768431490000001,0.086011846,0.06277788299999999,0.0
2,3,medium,5,0.014439491,0.089508942,0.8539518140000001,0.0,0.042099753,0.0
2,3,medium,6,0.0,0.270798935,0.729201065,0.0,0.0,0.0
2,3,short,1,0.10700330699999999,0.0,0.892996693,0.0,0.0,0.0
2,3,short,2,0.043127108,0.11714251099999999,0.8290519820000001,0.0033715840000000004,0.007306814,0.0
2,3,short,3,0.0,0.0,0.9942161359999999,0.0,0.0,0.0
2,3,short,4,0.0,0.638096675,0.361903325,0.0,0.0,0.0
2,3,short,5,0.0,0.0,1.0,0.0,0.0,0.0
2,3,xlong,1,0.648892603,0.17019306399999998,0.164721176,0.004440367,0.010989491,0.0007632989999999999
2,3,xlong,2,0.048982155,0.6965088340000001,0.190702108,0.025321108999999998,0.033915555,0.004570239
2,3,xlong,3,0.037083162999999995,0.18301790699999998,0.730891429,0.015456243,0.030099011000000002,0.0032782759999999997
2,3,xlong,4,0.011091044,0.181622673,0.25931873,0.44376516,0.096530289,0.007672103
2,3,xlong,5,0.013788801000000002,0.195582212,0.306795698,0.050386010999999994,0.42271844799999997,0.010728831000000001
2,3,xlong,6,0.030623255,0.065968576,0.379891914,0.071169691,0.093684016,0.358662549
2,4,long,1,0.288350105,0.352221322,0.14448697300000002,0.204314253,0.010627346999999999,0.0
2,4,long,2,0.013128681000000001,0.539113755,0.148593703,0.243230578,0.052066705,0.003866579
2,4,long,3,0.033228205,0.22703859,0.356015694,0.328412616,0.052596792,0.002708103
2,4,long,4,0.0031138470000000003,0.11777814800000001,0.06618254700000001,0.796929659,0.014836356,0.000447806
2,4,long,5,0.001125692,0.27199891600000003,0.10227297800000001,0.442522316,0.18165187,0.000428228
2,4,long,6,0.0,0.048367007999999996,0.091271139,0.829656293,0.015071306000000001,0.015634254
2,4,medium,1,0.219226008,0.139881154,0.009596991,0.580588958,0.05070689,0.0
2,4,medium,2,0.013308741,0.35892374899999996,0.11637795699999999,0.45827555700000006,0.053113996,0.0
2,4,medium,3,0.019046056000000002,0.103545821,0.161263115,0.686923547,0.029221461,0.0
2,4,medium,4,0.000990742,0.026951452999999997,0.048742852999999996,0.917682027,0.004395273,0.0
2,4,medium,5,0.163847726,0.048508619,0.0,0.5659137989999999,0.221729856,0.0
2,4,short,1,0.0,0.0,0.0,1.0,0.0,0.0
2,4,short,2,0.0007575139999999999,0.133015658,0.010080501,0.856146327,0.0,0.0
2,4,short,3,0.0,0.0,0.0,1.0,0.0,0.0
2,4,short,4,0.0,0.0,0.0,0.9812959109999999,0.0,0.0
2,4,xlong,1,0.41564413100000003,0.346280133,0.17970011600000002,0.043562091,0.014813528999999999,0.0
2,4,xlong,2,0.035316507999999996,0.602887429,0.17377090899999997,0.127547312,0.054404565,0.005596414
2,4,xlong,3,0.073664955,0.263666737,0.47679327,0.138300493,0.047228741,0.00034580300000000005
2,4,xlong,4,0.013704585,0.093121687,0.083945219,0.7605727870000001,0.041357614,0.006927381
2,4,xlong,5,0.015386061999999999,0.248432579,0.175491824,0.194085389,0.353065215,0.013538931
2,4,xlong,6,0.014602233999999999,0.18263068100000002,0.191775298,0.19997651600000002,0.028145342,0.382869929
2,5,long,1,0.46921192700000003,0.255926467,0.072139155,0.009010286999999999,0.193712164,0.0
2,5,long,2,0.039526503,0.557905781,0.086737475,0.032497513,0.265099375,0.01725808
2,5,long,3,0.03193614,0.182096953,0.35269437,0.068711195,0.361626911,0.00293443
2,5,long,4,0.004239771,0.08708813900000001,0.051702929,0.264873372,0.590498506,0.001597283
2,5,long,5,0.013566711,0.102855794,0.039553735,0.01389937,0.8267608259999999,0.002669791
2,5,long,6,0.0,0.037003157,0.057503912000000004,0.216252814,0.560966592,0.128273525
2,5,medium,1,0.180757716,0.110502515,0.0038346920000000002,0.0,0.704905077,0.0
2,5,medium,2,0.06456342,0.35369411,0.059918003,0.027773013,0.49366675299999996,0.000384701
2,5,medium,3,0.006293703,0.084342134,0.12542082400000001,0.0,0.783943339,0.0
2,5,medium,4,0.0,0.387917444,0.0,0.149844206,0.46223835,0.0
2,5,medium,5,0.042060239000000006,0.028638457000000003,0.00048221900000000004,0.022953967999999998,0.904469007,0.0
2,5,medium,6,0.0,0.0,0.0,0.0,1.0,0.0
2,5,short,1,0.0,0.0,0.0,0.0,1.0,0.0
2,5,short,2,0.006457333000000001,0.061185525,0.00117072,0.0,0.931186422,0.0
2,5,short,3,0.0,0.0,0.299240153,0.0,0.700759847,0.0
2,5,short,5,0.0,0.0,0.0,0.0,0.9785700079999999,0.0
2,5,xlong,1,0.577696083,0.22922034600000002,0.07374957900000001,0.017233126,0.087182118,0.014918748999999999
2,5,xlong,2,0.03031567,0.6810905190000001,0.11331104199999999,0.019124816,0.13925293,0.016679793999999998
2,5,xlong,3,0.037322414,0.239641154,0.512698707,0.024202013999999997,0.168763193,0.017372518
2,5,xlong,4,0.00724956,0.142640337,0.126191584,0.426143434,0.25954112,0.038233965
2,5,xlong,5,0.007581673000000001,0.094114772,0.054003380999999996,0.024725846,0.805758359,0.013472355
2,5,xlong,6,0.026685151,0.143444294,0.100978024,0.031723947,0.28279085800000003,0.414377725
2,6,long,1,0.327155969,0.345829579,0.027472362,0.064030621,0.064274872,0.171236597
2,6,long,2,0.049772160999999995,0.43280585299999996,0.129038439,0.041097458999999996,0.08800203,0.258834705
2,6,long,3,0.077665418,0.113279799,0.301869908,0.006107024,0.051878691,0.44919916
2,6,long,4,0.0,0.39033377700000005,0.002318729,0.236865942,0.0062476680000000005,0.364233884
2,6,long,5,0.005035194000000001,0.08440131699999999,0.116914166,0.056109324,0.195741855,0.541798145
2,6,long,6,0.0,0.06895528599999999,0.008619648,0.0055658769999999995,0.011595346999999999,0.9016041290000001
2,6,medium,1,0.0,0.0,0.0,0.0,0.0,1.0
2,6,medium,2,0.041184561,0.325812818,0.090641909,0.0,0.015360686,0.5270000260000001
2,6,medium,3,0.0,0.602595208,0.0,0.0,0.0,0.397404792
2,6,medium,5,0.0,0.0,0.0,0.0,0.0,1.0
2,6,medium,6,0.0,0.0,0.0,0.0,0.0,0.9971055529999999
2,6,short,2,0.0,0.375683018,0.0,0.0,0.0,0.6243169820000001
2,6,short,6,0.0,0.0,0.0,0.0,0.0,0.0
2,6,xlong,1,0.5888626379999999,0.12381929800000001,0.114433811,0.0025335929999999998,0.072872122,0.097478539
2,6,xlong,2,0.037476927,0.613577865,0.09969544,0.024915082999999998,0.09452676,0.12968352800000002
2,6,xlong,3,0.027115797999999997,0.169372629,0.530149718,0.03114803,0.041076243,0.20110492300000002
2,6,xlong,4,0.017699012,0.121882379,0.093901895,0.504758543,0.09584515199999999,0.16591302
2,6,xlong,5,0.018559354,0.12293425300000001,0.075756275,0.025655405,0.492608043,0.26448667
2,6,xlong,6,0.01210066,0.032767474,0.030337231,0.009568169,0.029385542,0.885321969
3,1,long,1,0.7518822009999999,0.11257501199999999,0.131900833,0.003166082,0.000253205,0.0
3,1,long,2,0.398741333,0.41216364299999997,0.168860137,0.015223006,0.00501188,0.0
3,1,long,3,0.34562033700000006,0.17886719,0.46185591600000003,0.011167193,0.001862036,0.000627328
3,1,long,4,0.331978906,0.350661027,0.123128334,0.179949785,0.014281947,0.0
3,1,long,5,0.314838071,0.33739040000000003,0.058958091,0.0075204930000000005,0.281292944,0.0
3,1,long,6,0.24582023600000003,0.043612255999999995,0.0,0.0,0.0,0.710567508
3,1,medium,1,0.8287771859999999,0.08377075099999999,0.08697610000000001,0.0,0.0,0.0
3,1,medium,2,0.641486178,0.220976559,0.10476906300000001,0.007280075,0.025488126,0.0
3,1,medium,3,0.49295569,0.162181211,0.340914824,0.0019214529999999998,0.001229978,0.000796845
3,1,medium,4,0.240515334,0.5459200160000001,0.21356465,0.0,0.0,0.0
3,1,medium,5,0.8421807020000001,0.0,0.157819298,0.0,0.0,0.0
3,1,medium,6,0.6696982770000001,0.0,0.0,0.0,0.0,0.330301723
3,1,short,1,0.906732175,0.035612181,0.056469135999999996,0.0,0.0,0.0
3,1,short,2,0.8019163659999999,0.19808363399999998,0.0,0.0,0.0,0.0
3,1,short,3,0.7910401159999999,0.021928642,0.187031242,0.0,0.0,0.0
3,1,xlong,1,0.775671215,0.098448743,0.11723346800000001,0.002859135,0.005071096,0.000549091
3,1,xlong,2,0.145535954,0.627205891,0.18132325300000002,0.025581244,0.010357067,0.00999659
3,1,xlong,3,0.162552578,0.145435173,0.6486413320000001,0.015076586999999999,0.023735932,0.004558398
3,1,xlong,4,0.190513236,0.139067238,0.35093594100000003,0.25800970300000003,0.04417906,0.017294821000000002
3,1,xlong,5,0.169382719,0.07839839400000001,0.199253178,0.05464502,0.478261649,0.020059039
3,1,xlong,6,0.42614163299999996,0.124845577,0.011203488999999999,0.0,0.073915605,0.363893695
3,2,long,1,0.45937971200000005,0.346935814,0.153622216,0.029246408999999998,0.010613227,0.000202623
3,2,long,2,0.049825877000000005,0.7867701020000001,0.127397927,0.017017897,0.017688987,0.001058504
3,2,long,3,0.058788814,0.41254576,0.46518675200000004,0.028103907999999997,0.032406092000000004,0.002968674
3,2,long,4,0.022956338,0.539878441,0.187515989,0.192905202,0.052858523,0.0038855070000000003
3,2,long,5,0.019658583,0.541983177,0.164352692,0.03511405,0.233405986,0.005485513000000001
3,2,long,6,0.013943775,0.792363567,0.008431293000000001,0.0,0.110694469,0.074566896
3,2,medium,1,0.35412269399999996,0.533171014,0.088952727,0.018969706,0.0047838590000000005,0.0
3,2,medium,2,0.031076181,0.8739289729999999,0.074256949,0.015252001000000001,0.004886735,0.0
3,2,medium,3,0.063823349,0.5886026320000001,0.29126345,0.021688371,0.029980142999999997,0.002186391
3,2,medium,4,0.022133787999999998,0.80716374,0.021311891,0.116620565,0.032770016,0.0
3,2,medium,5,0.0,0.686218558,0.284797342,0.0,0.028984100000000002,0.0
3,2,medium,6,0.0,0.99542944,0.0,0.0,0.0,0.00457056
3,2,short,1,0.047341964,0.8655224709999999,0.0,0.087135565,0.0,0.0
3,2,short,2,0.0,0.99702237,0.0,0.0,0.0,0.0
3,2,short,3,0.051165404000000005,0.8524912029999999,0.081678611,0.0,0.014664782,0.0
3,2,short,4,0.0,1.0,0.0,0.0,0.0,0.0
3,2,short,5,0.0,1.0,0.0,0.0,0.0,0.0
3,2,xlong,1,0.671414815,0.19388914699999998,0.11881441300000001,0.00265621,0.012260346,0.000965068
3,2,xlong,2,0.030989981,0.801052367,0.115447207,0.019423763,0.030387888999999998,0.002569123
3,2,xlong,3,0.042104642000000005,0.262772042,0.622579798,0.024502886,0.042165817,0.005839104
3,2,xlong,4,0.007269338,0.263620258,0.15730281599999998,0.495646507,0.073376805,0.0027842759999999996
3,2,xlong,5,0.006150826,0.266706238,0.161136595,0.044306764000000005,0.506207273,0.015492303
3,2,xlong,6,0.015449428000000001,0.385428229,0.116151744,0.033262365,0.074329733,0.37537850100000003
3,3,long,1,0.46187522299999995,0.18583412,0.34543021100000004,0.005509779,0.0013133079999999998,3.74e-05
3,3,long,2,0.073835631,0.414432509,0.440627311,0.039759407999999996,0.029825171,0.001519971
3,3,long,3,0.039246948999999996,0.123913219,0.789874594,0.016811402,0.02608252,0.0039263679999999995
3,3,long,4,0.01971224,0.178512415,0.46743428200000003,0.26698837,0.067352692,0.0
3,3,long,5,0.003122215,0.27462411800000003,0.515579233,0.017577458,0.184063105,0.005033871
3,3,long,6,0.0,0.004117697,0.855217043,0.0,0.008166481,0.132498779
3,3,medium,1,0.282867786,0.056646585,0.660485628,0.0,0.0,0.0
3,3,medium,2,0.079357212,0.12669592,0.78803498,0.0007111880000000001,0.005200700999999999,0.0
3,3,medium,3,0.026559204,0.096215977,0.844567497,0.019358635,0.012584623,0.000496755
3,3,medium,4,0.000866055,0.014967675,0.840539901,0.081098392,0.062527977,0.0
3,3,medium,5,0.156097359,0.13107925,0.646333787,0.023544785,0.042944819,0.0
3,3,medium,6,0.0,0.0,1.0,0.0,0.0,0.0
3,3,short,1,0.152958596,0.021151001000000003,0.8258904029999999,0.0,0.0,0.0
3,3,short,2,0.0,0.009712263,0.954183624,0.0,0.036104113,0.0
3,3,short,3,0.027851965,0.027219234,0.929602075,0.008462417,0.006553326999999999,0.0
3,3,short,4,0.0,0.0,1.0,0.0,0.0,0.0
3,3,short,5,0.0,0.0,1.0,0.0,0.0,0.0
3,3,xlong,1,0.5905357370000001,0.157838383,0.233135493,0.013579559,0.004343403,0.000567424
3,3,xlong,2,0.046057837000000004,0.6362512229999999,0.23768533600000002,0.039934167,0.037870896,0.00220054
3,3,xlong,3,0.036050057,0.132816038,0.7494682420000001,0.031647766,0.044713141,0.004938414
3,3,xlong,4,0.032160071,0.134326796,0.298556558,0.45770981899999996,0.074623393,0.0026233640000000004
3,3,xlong,5,0.003080537,0.149566038,0.32016148,0.045543697,0.471890281,0.009757967
3,3,xlong,6,0.00424216,0.03473125,0.423077052,0.035307192,0.045338933,0.457303413
3,4,long,1,0.288002267,0.17907925,0.341776295,0.189890395,0.001251793,0.0
3,4,long,2,0.032299405,0.425965789,0.17507027,0.334104128,0.031837389,0.00072302
3,4,long,3,0.025172628,0.11477812300000001,0.454568325,0.334102279,0.058563037000000005,0.012815608000000001
3,4,long,4,0.008235489,0.062344752999999996,0.052755455,0.864652523,0.010645003,0.000848145
3,4,long,5,0.0015824839999999999,0.125906443,0.162680673,0.400303326,0.309527073,0.0
3,4,long,6,0.096455457,0.005621339,0.314117763,0.053430938,0.530374503,0.0
3,4,medium,1,0.104628426,0.016264397,0.105846955,0.770889532,0.00237069,0.0
3,4,medium,2,0.014735729,0.074327517,0.033472833,0.877463922,0.0,0.0
3,4,medium,3,0.012417822,0.132515486,0.281842712,0.527065703,0.046158277000000004,0.0
3,4,medium,4,0.0,0.001381262,0.014237835,0.9324725690000001,0.050920873,0.0
3,4,medium,5,0.0,0.48839254299999996,0.002494593,0.509112864,0.0,0.0
3,4,short,1,0.0,0.0,0.0,0.0,0.0,1.0
3,4,short,2,0.0,0.0,0.0,1.0,0.0,0.0
3,4,short,3,0.0018139329999999998,0.061034674000000004,0.060684533,0.8161617109999999,0.060305149,0.0
3,4,short,4,0.0,0.0,0.0,0.9980558079999999,0.0,0.0
3,4,short,5,0.0,0.0,0.0,1.0,0.0,0.0
3,4,short,6,0.0,0.0,0.0,1.0,0.0,0.0
3,4,xlong,1,0.5147094170000001,0.248919659,0.201396121,0.027253507000000003,0.00692327,0.000798027
3,4,xlong,2,0.043033552,0.545871532,0.19096323699999998,0.170289725,0.048735574000000004,0.001106381
3,4,xlong,3,0.024570251,0.140990638,0.599988097,0.181591127,0.045731507000000005,0.00712838
3,4,xlong,4,0.010960963,0.065147002,0.109357234,0.7753338890000001,0.036962247000000004,0.00181523
3,4,xlong,5,0.001097046,0.194221687,0.133835535,0.276278834,0.394056275,0.000510623
3,4,xlong,6,0.0,0.15455126,0.14362330199999998,0.254716633,0.023350209,0.423758596
3,5,long,1,0.278813346,0.24666105,0.274734755,0.00314601,0.196644839,0.0
3,5,long,2,0.031196823,0.40874223200000004,0.13454581699999998,0.071202076,0.34997192299999996,0.004341129
3,5,long,3,0.011271647,0.178110968,0.43509212399999997,0.036880083,0.333136153,0.005509025
3,5,long,4,0.003467886,0.282332707,0.12627022699999998,0.218626265,0.300202171,0.069100745
3,5,long,5,0.000319983,0.066069615,0.09387373199999999,0.012381398,0.82663063,4.0799999999999996e-05
3,5,long,6,0.214680592,0.0,0.28133321,0.001080138,0.438426418,0.064479642
3,5,medium,1,0.079969174,0.168834492,0.0,0.0,0.7511963340000001,0.0
3,5,medium,2,0.0612817,0.23579746399999998,0.031877391,0.07437565900000001,0.596291785,0.000376001
3,5,medium,3,0.018747428,0.136175889,0.261455292,0.039900459,0.531158653,0.012562278999999999
3,5,medium,4,0.125997088,0.11143992900000001,0.042959665,0.0,0.719603318,0.0
3,5,medium,5,0.005691736,0.028551539,0.033371487000000005,0.0,0.9301159170000001,0.0
3,5,medium,6,0.0,0.0,0.0,0.0,1.0,0.0
3,5,short,1,0.0,0.0,0.0,0.0,1.0,0.0
3,5,short,2,0.0,0.0,0.0,0.0,1.0,0.0
3,5,short,3,0.038863799,0.077972576,0.023848962999999997,0.0,0.8593146620000001,0.0
3,5,short,5,0.0,0.0,0.0,0.0,0.9691531390000001,0.0
3,5,xlong,1,0.440537945,0.250182903,0.196668045,0.016811994,0.090702271,0.005096843
3,5,xlong,2,0.040147454,0.597951487,0.154059396,0.03853446,0.161312843,0.00797716
3,5,xlong,3,0.021693234,0.133488399,0.624221919,0.041005246,0.16089848,0.018618036
3,5,xlong,4,0.005971481,0.12203115199999999,0.09143753,0.49473681799999997,0.28273531,0.00308771
3,5,xlong,5,0.002490066,0.076174438,0.057259472,0.043498308,0.8071029059999999,0.013199533999999999
3,5,xlong,6,0.003712568,0.06921538599999999,0.090687163,0.0034378090000000004,0.427231783,0.40571529
3,6,long,1,0.261024446,0.524312174,0.09512077699999999,0.0,0.0,0.11954260300000001
3,6,long,2,0.197300497,0.394435353,0.213116298,0.004854724,0.022446662000000003,0.16784646600000003
3,6,long,3,0.01825532,0.073493043,0.411693939,0.010588881999999999,0.072061369,0.41390744700000004
3,6,long,4,0.0,0.050989734,0.0,0.030305544,0.022242981000000002,0.896461741
3,6,long,5,0.0,0.049701922,0.283466418,0.0043988690000000006,0.150659046,0.511773744
3,6,long,6,0.0,0.012108962,0.0,0.0,0.002959382,0.981801485
3,6,medium,2,0.0,0.739314047,0.239314047,0.0,0.0,0.021371905
3,6,medium,3,0.0,0.09442022300000001,0.03543252,0.0,0.09781229300000001,0.772334965
3,6,medium,5,0.0,0.0,0.0,0.0,0.0,1.0
3,6,medium,6,0.0,0.0,0.0,0.0,0.0,0.976506724
3,6,xlong,1,0.46035154100000003,0.20602838199999998,0.178168625,0.003071437,0.029543787999999998,0.12283622699999999
3,6,xlong,2,0.080396953,0.554545624,0.127471107,0.052229805,0.071908834,0.113447677
3,6,xlong,3,0.046135993,0.09950535199999999,0.581016629,0.033100419,0.070645696,0.169189566
3,6,xlong,4,0.0014285,0.145719519,0.089579319,0.38460392200000004,0.030083727,0.34858501299999994
3,6,xlong,5,0.003864295,0.066406529,0.099315554,0.015462293,0.536666514,0.278284815
3,6,xlong,6,0.002577988,0.013447029,0.017021911,0.024660674,0.026930671,0.9148118059999999
4,1,long,1,0.676765304,0.153637519,0.105453429,0.061718617,0.001621485,0.0
4,1,long,2,0.189090195,0.541780558,0.070636539,0.110247785,0.08824492199999999,0.0
4,1,long,3,0.20432797800000002,0.283638583,0.419978841,0.088134857,0.003919741,0.0
4,1,long,4,0.23975550199999998,0.34310978299999995,0.19499649,0.214764292,0.007373933,0.0
4,1,long,5,0.815578655,0.01761752,0.021802472000000003,0.005607422,0.139393931,0.0
4,1,medium,1,0.778351792,0.10120563,0.11997579800000001,0.0,0.0,0.0
4,1,medium,2,0.7166365440000001,0.25756024899999996,0.017641384,0.0,0.008161822,0.0
4,1,medium,3,0.8715211409999999,0.004619375,0.123859483,0.0,0.0,0.0
4,1,medium,4,0.546329711,0.220120738,0.017669213,0.179769385,0.036110953,0.0
4,1,medium,5,1.0,0.0,0.0,0.0,0.0,0.0
4,1,short,1,0.995093207,0.0,0.0,0.0,0.0,0.0
4,1,short,2,1.0,0.0,0.0,0.0,0.0,0.0
4,1,short,3,1.0,0.0,0.0,0.0,0.0,0.0
4,1,short,4,0.660524523,0.116465996,0.065446847,0.146820846,0.010741788,0.0
4,1,short,5,0.0,1.0,0.0,0.0,0.0,0.0
4,1,xlong,1,0.721753084,0.132909905,0.08771973599999999,0.051039311,0.006249243000000001,0.0
4,1,xlong,2,0.15435890800000002,0.529147316,0.21104754399999998,0.07399675,0.029417237000000002,0.002032245
4,1,xlong,3,0.204269525,0.174469176,0.48785187799999996,0.108172639,0.024940661,0.00029612
4,1,xlong,4,0.14713686,0.168198608,0.196462625,0.470088835,0.017166793,0.000946279
4,1,xlong,5,0.16557166,0.22091783199999998,0.115224635,0.169070201,0.305991048,0.023224624
4,1,xlong,6,0.062179412999999996,0.275629587,0.056791352999999996,0.056471781,0.009606106,0.53932176
4,2,long,1,0.29208699,0.504384798,0.033534172,0.022332513,0.147661527,0.0
4,2,long,2,0.027937257000000004,0.783731752,0.11948477199999999,0.049098042,0.017705316999999998,0.0015362379999999999
4,2,long,3,0.053388532999999995,0.514623142,0.27940615,0.11416657300000001,0.025153447000000002,0.013262153999999998
4,2,long,4,0.009239824,0.36383566799999995,0.14613687,0.406879649,0.062076114,0.011831876000000002
4,2,long,5,0.00079001,0.46506955200000005,0.021742355,0.09615115,0.379326851,0.036920082
4,2,long,6,0.0,0.54792932,0.24063152,0.016357458000000002,0.190485395,0.0045963079999999995
4,2,medium,1,0.096473605,0.842053559,0.0,0.014663575,0.046809261,0.0
4,2,medium,2,0.046268185,0.882724686,0.043322864,0.026952202999999997,0.0,0.0
4,2,medium,3,0.0,0.6939259529999999,0.207256815,0.038893868,0.05992336400000001,0.0
4,2,medium,4,0.010281887,0.567365958,0.11313568199999999,0.270776903,0.038439569,0.0
4,2,medium,5,0.22696215100000003,0.534650416,0.0,0.046105825999999996,0.192281607,0.0
4,2,short,1,0.0,1.0,0.0,0.0,0.0,0.0
4,2,short,2,0.0,0.99249223,0.0,0.0,0.0,0.0
4,2,short,4,0.001268903,0.9575964240000001,0.0,0.041134673999999996,0.0,0.0
4,2,xlong,1,0.51317589,0.287578022,0.12088482,0.050765171,0.027068863,0.000527234
4,2,xlong,2,0.029819311,0.755041148,0.131140645,0.06119431,0.021396519,0.001209355
4,2,xlong,3,0.068968833,0.308661027,0.472863123,0.090744769,0.052553049000000004,0.0062092
4,2,xlong,4,0.01414742,0.211441575,0.139118951,0.572834063,0.05915124099999999,0.003306748
4,2,xlong,5,0.010660174,0.312111006,0.124703885,0.074674407,0.468151438,0.00969909
4,2,xlong,6,0.023817412000000003,0.462015346,0.034122247,0.025973912999999998,0.054087120999999995,0.399983962
4,3,long,1,0.317768213,0.239611582,0.43395548,0.00790362,0.000761105,0.0
4,3,long,2,0.042915192000000005,0.425346691,0.392618743,0.091891395,0.046823018,0.00040496099999999996
4,3,long,3,0.017715385,0.106460562,0.776149502,0.071239657,0.018232029,0.009842215999999999
4,3,long,4,0.017119488999999998,0.126223262,0.36998671,0.427134332,0.056934304000000005,0.002601903
4,3,long,5,0.000920982,0.096229596,0.49528776399999996,0.104245415,0.303316243,0.0
4,3,long,6,0.129136157,0.711219037,0.132907011,0.009839514,0.016898281,0.0
4,3,medium,1,0.32606292800000003,0.138487478,0.534797665,0.0,0.00065193,0.0
4,3,medium,2,0.01133859,0.12473661,0.8081522040000001,0.04861907099999999,0.0071535240000000005,0.0
4,3,medium,3,0.0,0.029905527,0.904024265,0.043321198,0.021872256,0.0
4,3,medium,4,0.038179653,0.14896667,0.563010731,0.20583159,0.043343862999999996,0.000667493
4,3,medium,5,0.0,0.42576756600000004,0.574232434,0.0,0.0,0.0
4,3,medium,6,0.0,0.0,1.0,0.0,0.0,0.0
4,3,short,1,0.0,0.0,0.829235457,0.0,0.0,0.17076454300000002
4,3,short,2,0.0,0.0,0.9737667059999999,0.0,0.026233294,0.0
4,3,short,3,0.0,0.0,0.99705023,0.0,0.0,0.0
4,3,short,4,0.008022349,0.047782318,0.7761404959999999,0.12251071599999999,0.04554412099999999,0.0
4,3,short,5,0.0,0.0,1.0,0.0,0.0,0.0
4,3,short,6,0.0,0.0,1.0,0.0,0.0,0.0
4,3,xlong,1,0.518552161,0.244580488,0.214547586,0.014776271,0.007543493,0.0
4,3,xlong,2,0.039136506,0.584968612,0.248382882,0.085409253,0.04205267099999999,5.01e-05
4,3,xlong,3,0.028345711000000003,0.133209032,0.7097858579999999,0.088393486,0.034564845,0.005550821
4,3,xlong,4,0.00997683,0.091145394,0.24664236399999998,0.592076948,0.052546012,0.005335141999999999
4,3,xlong,5,0.0034038790000000003,0.162896693,0.281267628,0.142443394,0.409110194,0.000878211
4,3,xlong,6,0.0,0.001127138,0.363639174,0.186668444,0.030069072999999998,0.41849617100000003
4,4,long,1,0.663199632,0.211742173,0.016586451000000002,0.100279996,0.008191748,0.0
4,4,long,2,0.004019727,0.36698356,0.161234659,0.40341199299999997,0.063905944,0.00044411699999999995
4,4,long,3,0.000968683,0.10482670000000001,0.38087372700000005,0.488155014,0.025175876,0.0
4,4,long,4,0.000688537,0.022326156,0.035398057000000004,0.8975727990000001,0.043637271,0.00018200400000000001
4,4,long,5,0.000661502,0.064677732,0.012588876,0.690191529,0.23188036,0.0
4,4,long,6,0.0,0.0,0.22780137,0.6533086579999999,0.11888997300000001,0.0
4,4,medium,2,0.0,0.014554592,0.0,0.779861417,0.20558399100000002,0.0
4,4,medium,3,0.0,0.00872422,0.183628243,0.807647537,0.0,0.0
4,4,medium,4,0.0,0.027200207999999997,0.030124881000000003,0.9113338529999999,0.031083408,0.0
4,4,medium,5,0.0,0.0,0.0,0.989756871,0.010243129,0.0
4,4,short,2,0.0,0.0,0.0,1.0,0.0,0.0
4,4,short,4,0.0,0.11727136,0.0,0.882453927,0.0,0.0
4,4,xlong,1,0.754688171,0.06821984,0.078304435,0.094890936,0.0038966179999999997,0.0
4,4,xlong,2,0.015759211999999998,0.541739926,0.15829770199999998,0.245807327,0.006996533,0.006560646999999999
4,4,xlong,3,0.00202456,0.06900843400000001,0.618544656,0.26012108,0.046746024000000004,0.003555247
4,4,xlong,4,0.001867841,0.026223715,0.05478848099999999,0.884946837,0.030489218999999998,0.001526467
4,4,xlong,5,0.000313099,0.070196158,0.05583574400000001,0.36971733700000003,0.503665554,0.000272108
4,4,xlong,6,0.0,0.0,0.04395446099999999,0.52178683,0.001172548,0.433086161
4,5,long,1,0.038253891,0.457225014,0.016840713,0.007358329,0.48032205299999997,0.0
4,5,long,2,0.025334644,0.36081940100000004,0.030629619,0.119691909,0.463524426,0.0
4,5,long,3,0.002699081,0.141480793,0.291840842,0.126974518,0.437004766,0.0
4,5,long,4,0.005614266999999999,0.09866688,0.094426855,0.404750192,0.395344001,0.001197805
4,5,long,5,0.00029265599999999997,0.04939555,0.02052139,0.08389086300000001,0.844415765,0.000706501
4,5,long,6,0.0,0.0,0.0,0.070088901,0.545766861,0.38414423799999997
4,5,medium,1,0.0,0.0,0.0,0.0,1.0,0.0
4,5,medium,2,0.0,0.16286587,0.007082853,0.002090613,0.827960665,0.0
4,5,medium,3,0.009976775,0.08962177199999999,0.009976775,0.572289588,0.31813509100000004,0.0
4,5,medium,4,0.004031934,0.106590677,0.083566156,0.191544352,0.613748351,0.000518531
4,5,medium,5,0.0,0.107589722,0.0,0.0,0.891338266,0.0
4,5,medium,6,0.0,0.0,0.0,0.0,1.0,0.0
4,5,short,2,0.0,0.0,0.0,0.0,1.0,0.0
4,5,short,3,0.0,0.0,0.0,0.0,1.0,0.0
4,5,short,4,0.0,0.027642581,0.077410058,0.0,0.8949473609999999,0.0
4,5,short,5,0.0,0.0,0.0,0.0,0.997222135,0.0
4,5,xlong,1,0.6040002879999999,0.23462525399999998,0.050237866,0.010342546999999999,0.09830881,0.002485235
4,5,xlong,2,0.045999412,0.57972148,0.131849398,0.102586785,0.129738339,0.010104586
4,5,xlong,3,0.018780216000000002,0.16145975099999998,0.46411914600000004,0.190074612,0.131634168,0.033413021
4,5,xlong,4,0.0013367020000000002,0.075173577,0.08537766,0.567800057,0.249536124,0.020549552
4,5,xlong,5,0.0007901389999999999,0.030297161,0.059269194000000004,0.070999602,0.8292447470000001,0.009004819
4,5,xlong,6,0.0,0.059288225,0.03190149,0.041060045,0.510164731,0.357585508
4,6,long,2,0.0,0.26384759399999996,0.0,0.007501154,0.724711753,0.003939499
4,6,long,3,0.0,0.0,0.046999560999999995,0.037093656,0.0,0.915906783
4,6,long,4,0.0,0.048839673,0.000441225,0.22729972399999998,0.175750102,0.547669277
4,6,long,5,0.0,0.10400610800000001,0.027252138,0.396634472,0.024204923,0.44790236
4,6,long,6,0.0,0.0,0.0,0.0,0.0,0.998141965
4,6,medium,4,0.0,0.0,0.0,0.0,0.0,1.0
4,6,medium,6,0.0,0.0,0.0,0.0,0.0,0.0
4,6,xlong,1,0.547727257,0.151388272,0.13325221,0.018779737,0.016493178,0.132359346
4,6,xlong,2,0.085715944,0.504470483,0.028133673999999997,0.016288785,0.10715496099999999,0.20634350899999998
4,6,xlong,3,0.008788133,0.04289875,0.574709149,0.015274771999999999,0.016809381,0.34151981600000003
4,6,xlong,4,0.0,0.055439168,0.04773662,0.593680544,0.110829228,0.19231444
4,6,xlong,5,0.017778184,0.050811809000000006,0.042956497,0.045984445,0.557047355,0.28542171
4,6,xlong,6,0.0,0.010663464,0.021375357999999997,0.019995521000000002,0.050170268,0.8972320359999999
5,1,long,1,0.739674487,0.18795468699999998,0.02354695,0.0020212060000000002,0.046292754000000005,0.0
5,1,long,2,0.330811096,0.431626268,0.14765604,0.048976175999999996,0.040498997,0.000360584
5,1,long,3,0.395865564,0.256855488,0.260019625,0.035007302000000004,0.05225202,0.0
5,1,long,4,0.446426294,0.080326165,0.155754886,0.313389543,0.0041031109999999996,0.0
5,1,long,5,0.272513905,0.26211393,0.057212864,0.026625422000000003,0.38153387899999996,0.0
5,1,long,6,1.0,0.0,0.0,0.0,0.0,0.0
5,1,medium,1,0.799252293,0.12966892300000002,0.031218407000000004,0.0,0.038548479,0.0
5,1,medium,2,0.658381419,0.261162038,0.013398839,0.0031640329999999997,0.06389367,0.0
5,1,medium,3,0.897084587,0.065902016,0.037013397,0.0,0.0,0.0
5,1,medium,4,0.061054196,0.938945804,0.0,0.0,0.0,0.0
5,1,medium,5,0.352361507,0.288614386,0.14829191,0.014544551999999999,0.196187645,0.0
5,1,short,1,0.866714027,0.0,0.0,0.13104126,0.0,0.0
5,1,short,2,0.9764144220000001,0.0,0.023585578,0.0,0.0,0.0
5,1,short,3,1.0,0.0,0.0,0.0,0.0,0.0
5,1,short,4,1.0,0.0,0.0,0.0,0.0,0.0
5,1,short,5,0.858273994,0.13829082199999998,0.0,0.0,0.0,0.0
5,1,xlong,1,0.6993666040000001,0.134501599,0.111144594,0.015675076,0.029765677,0.009245241
5,1,xlong,2,0.146626397,0.601589613,0.133854263,0.047140108,0.061587945,0.008393008
5,1,xlong,3,0.154954449,0.167904268,0.553270084,0.031528929,0.080201382,0.012140888999999998
5,1,xlong,4,0.11276104699999999,0.135092174,0.154327949,0.474760201,0.100543688,0.022514941
5,1,xlong,5,0.135011035,0.173075416,0.11397308699999999,0.045246437,0.494566619,0.037993115
5,1,xlong,6,0.219135523,0.08018296,0.130288643,0.05087023,0.154622516,0.36490012899999996
5,2,long,1,0.46975704799999995,0.43977669999999996,0.02433535,0.006677156,0.059453745999999995,0.0
5,2,long,2,0.025309803999999998,0.824278174,0.065221086,0.024016122,0.056048087,0.004752853
5,2,long,3,0.017235873999999998,0.49262012200000005,0.30067934,0.053626977,0.13505262099999998,0.0007850639999999999
5,2,long,4,0.00024766400000000003,0.460499029,0.067735212,0.32104182800000003,0.099583825,0.050892442
5,2,long,5,0.040044313,0.373146714,0.097741988,0.022029029,0.46053919200000004,0.006498764000000001
5,2,long,6,0.0,0.769080503,0.013304088,0.0,0.125161852,0.092453558
5,2,medium,1,0.490589812,0.40951903799999995,0.00446781,0.016417161,0.07900617900000001,0.0
5,2,medium,2,0.004662309,0.942208539,0.01652669,0.00063168,0.035171064,0.0
5,2,medium,3,0.003417377,0.810636474,0.165138979,0.0,0.018724145,0.002083025
5,2,medium,4,0.057163902,0.73916316,0.078799489,0.056629277,0.068244172,0.0
5,2,medium,5,0.04134622,0.608895932,0.063157714,0.01508838,0.27079069699999997,0.000721058
5,2,medium,6,0.0,1.0,0.0,0.0,0.0,0.0
5,2,short,1,0.0,1.0,0.0,0.0,0.0,0.0
5,2,short,2,0.0,0.9923876090000001,0.0,0.0,0.0,0.0
5,2,short,3,0.0,1.0,0.0,0.0,0.0,0.0
5,2,short,4,0.0,1.0,0.0,0.0,0.0,0.0
5,2,short,5,0.007503246,0.96136706,0.004198668,0.003453035,0.023477991,0.0
5,2,xlong,1,0.496593116,0.31994275,0.127221104,0.007092648000000001,0.036235745,0.012914638
5,2,xlong,2,0.0210922,0.788567915,0.095926715,0.022968276,0.059929962999999996,0.011323419
5,2,xlong,3,0.039077296,0.290610462,0.554139764,0.023982358,0.076713216,0.015476903
5,2,xlong,4,0.005775659,0.249351341,0.114951215,0.468386508,0.13261292,0.028922357000000003
5,2,xlong,5,0.015052495,0.22770223399999998,0.102062376,0.0333865,0.595818618,0.025919473999999998
5,2,xlong,6,0.033003767,0.285502884,0.122028409,0.050229363,0.104282231,0.404389491
5,3,long,1,0.39294048600000003,0.35698022,0.206376041,0.026152494,0.017550759,0.0
5,3,long,2,0.025946009,0.399460848,0.408968823,0.06984038599999999,0.091892621,0.003891313
5,3,long,3,0.022554487,0.140824547,0.729496183,0.015125781999999999,0.08595633800000001,0.0055433719999999995
5,3,long,4,0.003491497,0.252597563,0.414646422,0.20613583800000002,0.090896634,0.032232046
5,3,long,5,0.016650055,0.195673245,0.415723894,0.036443038999999997,0.33014266600000003,0.0053671019999999995
5,3,long,6,0.0,0.0,0.658807234,0.001941641,0.305963275,0.03328785
5,3,medium,1,0.08492053,0.213913346,0.699106184,0.0,0.0020599389999999998,0.0
5,3,medium,2,0.048481683,0.18806187800000002,0.636629786,0.049227159000000006,0.07759949299999999,0.0
5,3,medium,3,0.019516521999999998,0.16274539,0.795404855,0.0,0.020910356,0.0
5,3,medium,4,0.069855401,0.060254452,0.6762439579999999,0.096823094,0.096823094,0.0
5,3,medium,5,0.009042759000000001,0.145640211,0.56273941,0.073919687,0.196898105,0.011759826000000001
5,3,medium,6,0.0,0.0,1.0,0.0,0.0,0.0
5,3,short,1,0.0,0.0,1.0,0.0,0.0,0.0
5,3,short,2,0.0,0.0,1.0,0.0,0.0,0.0
5,3,short,3,0.0,0.0,0.9803326840000001,0.0,0.0,0.0
5,3,short,5,0.039417471,0.08830812800000001,0.854741912,0.0,0.017532489,0.0
5,3,xlong,1,0.514769946,0.19885378399999998,0.237686554,0.007773963,0.039227727000000004,0.001688026
5,3,xlong,2,0.032495475,0.66704435,0.18412149100000003,0.033386972,0.079499847,0.003451865
5,3,xlong,3,0.026600414,0.13582851,0.731802576,0.030647399999999998,0.062714373,0.012117686
5,3,xlong,4,0.003483145,0.113526625,0.225173892,0.530954006,0.113475097,0.013387235
5,3,xlong,5,0.017676225,0.137073523,0.216211887,0.045574235,0.562974667,0.019679902
5,3,xlong,6,0.008071946,0.093085981,0.339644802,0.009061786,0.137738399,0.412397086
5,4,long,1,0.06395192200000001,0.283250113,0.01173068,0.641067284,0.0,0.0
5,4,long,2,0.009388442,0.287360077,0.09675691199999999,0.525187182,0.08130738700000001,0.0
5,4,long,3,0.023539656000000003,0.24103190600000002,0.22801169899999998,0.426620885,0.080795855,0.0
5,4,long,4,0.0,0.08607042300000001,0.022210233,0.865717318,0.025167587999999998,0.000215795
5,4,long,5,0.00015733,0.0764449,0.103336422,0.438533193,0.380732825,0.000581778
5,4,long,6,0.0,0.0,0.0,0.84314819,0.15685181,0.0
5,4,medium,1,0.0,0.0,0.0,1.0,0.0,0.0
5,4,medium,2,0.0,0.208773371,0.0018536779999999999,0.7773191970000001,0.012053754,0.0
5,4,medium,3,0.0,0.081702125,0.0,0.918297875,0.0,0.0
5,4,medium,4,0.0,0.000822472,0.008863794,0.9860171740000001,0.003068492,0.0
5,4,medium,5,7.140000000000001e-05,0.139616889,0.092996804,0.532243481,0.23160758899999997,0.003463817
5,4,medium,6,0.0,0.0,0.0,1.0,0.0,0.0
5,4,short,3,0.0,0.0,0.0,1.0,0.0,0.0
5,4,short,4,0.0,0.0,0.0,0.0,0.0,0.0
5,4,short,5,0.0,0.0,0.081851914,0.918148086,0.0,0.0
5,4,xlong,1,0.48270816200000005,0.270765241,0.068885297,0.164999523,0.012641776,0.0
5,4,xlong,2,0.026289739,0.6340338179999999,0.124047919,0.158067722,0.044238633,0.01332217
5,4,xlong,3,0.020882394,0.128879557,0.539784091,0.216628343,0.079890987,0.013491981
5,4,xlong,4,0.00014515399999999999,0.035407238,0.035017213,0.852663513,0.070246063,0.005594658000000001
5,4,xlong,5,0.0009510489999999999,0.060291698,0.08957771699999999,0.195918712,0.6392135729999999,0.013279651000000002
5,4,xlong,6,0.0,0.082760377,0.12579067900000002,0.208004933,0.163385205,0.420058806
5,5,long,1,0.486561798,0.218159065,0.00077625,0.0,0.294502887,0.0
5,5,long,2,0.037220647999999995,0.447106406,0.06933945700000001,0.05520522,0.39112826700000003,0.0
5,5,long,3,0.010237866,0.08667811,0.408649411,0.050388559000000006,0.441542372,0.002503682
5,5,long,4,0.0,0.100983985,0.051972307999999995,0.110354138,0.735277808,0.001411761
5,5,long,5,0.015546323999999999,0.053016430999999996,0.03843771,0.019574355,0.864471104,0.008752886999999999
5,5,long,6,0.0033738009999999996,0.02960502,0.0954188,0.010994021000000001,0.516747204,0.343861154
5,5,medium,1,0.0,0.016290303,0.01019627,0.0,0.973513427,0.0
5,5,medium,2,0.000913043,0.327892583,0.00343145,0.0,0.667762924,0.0
5,5,medium,3,0.000861737,0.007081046,0.060603471,0.0,0.9222057909999999,0.009247955
5,5,medium,4,0.0,0.306199932,0.0,0.0,0.6938000679999999,0.0
5,5,medium,5,0.015773568,0.076902964,0.033270758,0.005001901,0.8688127440000001,0.0
5,5,medium,6,0.0,0.0,0.0,0.0,1.0,0.0
5,5,short,1,0.0,1.0,0.0,0.0,0.0,0.0
5,5,short,2,0.38263245700000004,0.0,0.0,0.0,0.617367543,0.0
5,5,short,3,0.0,0.0,0.0,0.0,1.0,0.0
5,5,short,5,0.0,0.014074743999999998,0.000539861,0.0,0.984900929,0.0
5,5,xlong,1,0.523977983,0.144400085,0.129844113,0.033230589,0.16825410000000002,0.000293129
5,5,xlong,2,0.017905931,0.627265143,0.108016906,0.027782638,0.21310608399999997,0.0059232980000000005
5,5,xlong,3,0.005182872,0.191155648,0.483404981,0.036318048,0.216694277,0.067244175
5,5,xlong,4,0.003909762,0.054832566,0.089152639,0.466241498,0.31926455600000003,0.06659898
5,5,xlong,5,0.002673062,0.037162558,0.030986104,0.026208551,0.8745712720000001,0.027685617000000003
5,5,xlong,6,0.0016523179999999998,0.02718512,0.040471097000000004,0.01689269,0.539642659,0.37415611600000004
5,6,long,1,0.286146912,0.33671281,0.000387431,0.22346886600000002,0.15328398199999999,0.0
5,6,long,2,0.192697349,0.400203429,0.016788221000000002,0.0,0.09033757,0.299973432
5,6,long,3,0.000413015,0.013898585,0.291796283,0.09666779800000001,0.028732217,0.568492102
5,6,long,4,0.0,0.0,0.0,0.08063522299999999,0.147170873,0.7721939040000001
5,6,long,5,0.019137981999999998,0.070406839,0.044085248,0.025686722000000002,0.338460686,0.5022225220000001
5,6,long,6,0.0,0.0,0.0,0.0,0.007574631,0.991033542
5,6,medium,2,0.0,0.0,0.0,0.0,0.0,1.0
5,6,medium,3,0.0,0.8547787109999999,0.0,0.0,0.0,0.145221289
5,6,medium,5,0.0,0.0,0.012690581000000001,0.0,0.254092569,0.73321685
5,6,medium,6,0.0,0.0,0.0,0.0,0.0,0.9894540890000001
5,6,short,5,0.0,0.0,0.0,0.0,0.5,0.5
5,6,short,6,0.0,0.0,0.0,0.0,0.0,0.0
5,6,xlong,1,0.666005791,0.13924551400000001,0.034694026,0.0,0.021968276000000002,0.138086394
5,6,xlong,2,0.05676877599999999,0.568128514,0.080369332,0.053651787,0.08427451400000001,0.155854532
5,6,xlong,3,0.020224171000000003,0.10999855800000001,0.483302754,0.071260058,0.067511202,0.247703258
5,6,xlong,4,0.00020901,0.121089592,0.09528413699999999,0.559835111,0.072089036,0.151493115
5,6,xlong,5,0.009929405,0.046397231,0.033340443,0.037499369,0.599365346,0.27335618300000003
5,6,xlong,6,0.00039653400000000004,0.009060644,0.019485811000000002,0.006582098000000001,0.055731922999999996,0.908272685
6,1,long,1,0.6725318090000001,0.225354129,0.014926742,0.031588343,0.054606910999999994,0.0
6,1,long,2,0.48866615,0.175459024,0.124542554,0.000875204,0.041059759,0.169397308
6,1,long,3,0.513969717,0.159319075,0.302670508,0.0,0.0,0.0240407
6,1,long,4,0.012541668,0.202532855,0.314075032,0.009000958,0.461849488,0.0
6,1,long,5,0.7290146829999999,0.14916108,0.046438003,0.002634847,0.072751387,0.0
6,1,long,6,0.30341443100000004,0.34605162799999994,0.14683047300000002,0.017806123,0.132969762,0.052927583
6,1,medium,1,0.99902439,0.0,0.0,0.0,0.0,0.0
6,1,medium,2,1.0,0.0,0.0,0.0,0.0,0.0
6,1,medium,6,0.416406636,0.167186729,0.0,0.0,0.0,0.416406636
6,1,short,1,0.0,0.0,0.0,0.0,0.0,0.0
6,1,short,2,1.0,0.0,0.0,0.0,0.0,0.0
6,1,short,6,0.0,1.0,0.0,0.0,0.0,0.0
6,1,xlong,1,0.732052725,0.167271912,0.029396642,0.014282933000000001,0.043436958,0.013145657
6,1,xlong,2,0.203668265,0.538421169,0.06295802,0.027402229,0.08423383,0.08331648700000001
6,1,xlong,3,0.220589688,0.140941291,0.558281371,0.0061474730000000005,0.041029785,0.033010393
6,1,xlong,4,0.208250555,0.138466415,0.090159484,0.40560517700000004,0.100340199,0.057178169
6,1,xlong,5,0.21249363300000002,0.129726337,0.069426109,0.020539274,0.493167635,0.074647011
6,1,xlong,6,0.19850954399999998,0.17398061,0.066389941,0.03083296,0.08746379900000001,0.442823146
6,2,long,1,0.329046929,0.44418190799999996,0.144588317,0.051027212999999995,0.031155633999999998,0.0
6,2,long,2,0.042988444,0.7561935670000001,0.08643340599999999,0.035990606,0.051353742,0.026423738
6,2,long,3,0.09610879300000001,0.628157737,0.215826063,0.000140996,0.058388799000000005,0.0013776110000000002
6,2,long,4,0.0,0.746302061,0.004355332,0.206759553,0.040716207000000004,0.001866847
6,2,long,5,0.025672204,0.6910192829999999,0.098522634,0.049235339,0.115609264,0.019941276
6,2,long,6,0.079404111,0.44126326200000004,0.139939437,0.024916347000000002,0.171293902,0.14310019300000001
6,2,medium,1,0.0,1.0,0.0,0.0,0.0,0.0
6,2,medium,2,0.0,0.71521027,0.283950999,0.0,0.0,0.0
6,2,medium,3,0.0,1.0,0.0,0.0,0.0,0.0
6,2,medium,5,0.0,1.0,0.0,0.0,0.0,0.0
6,2,medium,6,0.044122587000000005,0.666933915,0.10193663900000001,0.0,0.06665810400000001,0.120348755
6,2,short,2,0.0,0.0,0.0,0.0,0.0,0.0
6,2,short,6,0.0,1.0,0.0,0.0,0.0,0.0
6,2,xlong,1,0.575937892,0.228699819,0.062879162,0.027945701,0.066298897,0.038238529
6,2,xlong,2,0.034116416000000004,0.818953023,0.058914019000000005,0.021115504,0.040552362,0.026063298999999998
6,2,xlong,3,0.03980025,0.33502566699999997,0.516843133,0.036993264,0.036873387,0.034432024
6,2,xlong,4,0.021248506,0.30725015,0.063266969,0.47138904299999995,0.066641726,0.070203606
6,2,xlong,5,0.017355962,0.26539987,0.049786655,0.039130458,0.5101177370000001,0.11820931900000001
6,2,xlong,6,0.039525508,0.210001192,0.10078312199999999,0.02784809,0.10185627300000001,0.519244864
6,3,long,1,0.308041687,0.433991342,0.257966971,0.0,0.0,0.0
6,3,long,2,0.074271821,0.365357352,0.5192784739999999,0.003728612,0.033631204,0.003732538
6,3,long,3,0.003150798,0.177495517,0.70720732,0.0,0.10519434300000001,0.0059058669999999995
6,3,long,4,0.0,0.092971545,0.8585751979999999,0.028679358999999998,0.0,0.019773898
6,3,long,5,0.0,0.084041058,0.7945227309999999,0.001045724,0.035755395,0.084635092
6,3,long,6,0.02556342,0.10489448300000001,0.509436832,0.016269119,0.07062846099999999,0.273207684
6,3,medium,2,0.0,0.294014614,0.7059853859999999,0.0,0.0,0.0
6,3,medium,3,0.0,0.0,0.996496018,0.0,0.0,0.0
6,3,medium,5,0.0,0.0,1.0,0.0,0.0,0.0
6,3,medium,6,0.0,0.034379437,0.851804868,0.0,0.093481433,0.020334262
6,3,short,3,0.0,0.0,0.0,0.0,0.0,0.0
6,3,short,6,0.0,0.0,1.0,0.0,0.0,0.0
6,3,xlong,1,0.47290969,0.21812512899999997,0.219085996,0.002476833,0.03434741,0.053054943
6,3,xlong,2,0.06127222,0.546225324,0.23994554,0.043584742999999995,0.06785305900000001,0.041119113
6,3,xlong,3,0.032275648,0.10447181900000001,0.777545116,0.013957232,0.045159997,0.025703402
6,3,xlong,4,0.023403482000000003,0.09233230199999999,0.34806670100000003,0.464075499,0.040408572999999996,0.031713443
6,3,xlong,5,0.003512922,0.07718367599999999,0.329994106,0.011381132,0.48681445799999995,0.091113706
6,3,xlong,6,0.013067445,0.094312635,0.23782652399999998,0.053609160999999995,0.07885325,0.521681473
6,4,long,1,0.0,0.0,0.0,0.0,0.0,1.0
6,4,long,2,0.0,0.286029865,0.034897476000000004,0.38236723799999994,0.296705422,0.0
6,4,long,3,0.0,0.00896524,0.0,0.99103476,0.0,0.0
6,4,long,4,0.0,0.0,0.0,0.934445408,0.064240432,0.0
6,4,long,5,0.0,0.0,0.036181938,0.9586145,0.005203561,0.0
6,4,long,6,0.00118154,0.05061617400000001,0.14107060800000001,0.495001795,0.176475121,0.13565476199999998
6,4,medium,2,0.0,0.0,0.0,1.0,0.0,0.0
6,4,medium,4,0.0,0.0,0.0,0.0,0.0,0.0
6,4,medium,6,0.0,0.05540301,0.0,0.94459699,0.0,0.0
6,4,xlong,1,0.09133661300000001,0.025614914,0.294009788,0.533760479,0.026889161,0.028389045
6,4,xlong,2,0.003373645,0.53055503,0.128977022,0.18866306,0.13948911,0.008942132
6,4,xlong,3,0.001123028,0.101297451,0.7301340959999999,0.145838671,0.002217336,0.01794293
6,4,xlong,4,0.000310305,0.01472141,0.047452282,0.888603383,0.037875701,0.010642308999999999
6,4,xlong,5,0.023185099,0.006840110999999999,0.09084648599999999,0.192689339,0.5841351370000001,0.10173464900000001
6,4,xlong,6,0.004416,0.046070749,0.040271465,0.252217423,0.149307244,0.507347899
6,5,long,1,0.277913023,0.298551845,0.072322209,0.22551584100000002,0.125697082,0.0
6,5,long,2,0.21236487399999998,0.333043706,0.025435341,0.0,0.385500236,0.043655843
6,5,long,3,0.000403343,0.054857215,0.107526312,0.0,0.8170316009999999,0.020181529
6,5,long,4,0.0,0.134752866,0.0,0.07404728,0.791199853,0.0
6,5,long,5,0.013824281,0.006528654,0.009268143000000001,0.001972365,0.963716688,0.003820565
6,5,long,6,0.020762164,0.073807444,0.061372357999999995,0.030105452,0.606800828,0.20624001600000003
6,5,medium,2,0.0,0.0,0.0,0.0,1.0,0.0
6,5,medium,3,0.0,0.0,0.0,0.0,1.0,0.0
6,5,medium,5,0.0,0.003590325,0.0,0.0,0.994968325,0.0
6,5,medium,6,0.0,0.0,0.002062079,0.0,0.866038987,0.131898934
6,5,short,5,0.0,0.0,0.0,0.0,0.0,0.0
6,5,short,6,0.0,0.0,0.0,0.0,1.0,0.0
6,5,xlong,1,0.69598479,0.066782591,0.024420483,0.019561845,0.16101268900000001,0.032237602000000004
6,5,xlong,2,0.051338778,0.567936619,0.078281532,0.040939847,0.204555569,0.056947655
6,5,xlong,3,0.018433056,0.080670605,0.51760983,0.063116458,0.256860568,0.063309484
6,5,xlong,4,0.000119219,0.09940076099999999,0.083308347,0.5519335439999999,0.21978268399999998,0.045455445
6,5,xlong,5,0.000903972,0.027101452999999998,0.020567857,0.019019526000000002,0.900437796,0.031487713
6,5,xlong,6,0.002542435,0.043746905999999995,0.035909575,0.019450033000000002,0.289861601,0.608314893
6,6,long,1,0.0,0.0,1.0,0.0,0.0,0.0
6,6,long,2,0.0,0.0,0.0,0.0,0.0,1.0
6,6,long,3,0.037360793999999996,0.016185754,0.043389290999999997,0.0,0.0,0.903064161
6,6,long,4,0.0,0.0,0.0,0.0,0.0,1.0
6,6,long,5,0.0,0.211277173,0.0,0.0,0.012200852,0.776521975
6,6,long,6,0.001420257,0.0005080330000000001,0.033569963,0.001260318,0.061120517,0.90170616
6,6,medium,5,0.0,0.0,0.0,0.0,0.0,1.0
6,6,medium,6,0.0,0.0,0.0,0.0,0.998931687,0.0
6,6,xlong,1,0.713627604,0.25621146300000003,0.030160932999999997,0.0,0.0,0.0
6,6,xlong,2,0.014566164,0.556350135,0.030150077999999997,0.003591794,0.060194653,0.335147177
6,6,xlong,3,0.019110571,0.134424207,0.496326544,0.011080603,0.143803311,0.195254764
6,6,xlong,4,0.009131827,0.018263654,0.041378713,0.639341399,0.128700644,0.163183763
6,6,xlong,5,0.003684518,0.074692415,0.054460667000000004,0.007536048,0.625245454,0.234380898
6,6,xlong,6,0.000599673,0.024255477,0.01415874,0.002400028,0.039999118,0.9134275040000001
