cost_group,f_sys,MicrotypeID,fsys_weight,microtype,Location,Functional Class,Category,Resurface Existing Lane (RESURFACING),"Add Lane, If No Obstacles (Normal Cost)","Add Lane, If Obstacle Code A",cost_class,restripe,add_obsA,add_noobs,LaneDedicationPerLaneMile,ROWConstructionPerLaneMile,
7,1,A_1,0.023434171,1,URBAN,Interstate,Major Urbanized,844000,3651000,11172000,urban_major,844000,11172000,3651000,686908.0256,9379566.408,0.078109143
7,2,A_1,0.021109766,1,URBAN,Other Freeway and Expressway,Major Urbanized,799000,3504000,10612000,urban_major,799000,10612000,3504000,686908.0256,9379566.408,0.078109143
7,3,A_1,0.329900193,1,URBAN,Other Principal Arterial,Major Urbanized,755000,3361000,10154000,urban_major,755000,10154000,3361000,686908.0256,9379566.408,0.078109143
7,4,A_1,0.357283334,1,URBAN,Minor Arterial,Major Urbanized,684000,3021000,9262000,urban_major,684000,9262000,3021000,686908.0256,9379566.408,0.078109143
7,5,A_1,0.266103468,1,URBAN,Major Collector,Major Urbanized,585000,2594000,8337000,urban_major,585000,8337000,2594000,686908.0256,9379566.408,0.078109143
7,6,A_1,0.002153151,1,URBAN,Minor Collector,Major Urbanized,524000,2320000,7508000,urban_major,524000,7508000,2320000,686908.0256,9379566.408,0.078109143
7,7,A_1,1.59E-05,1,URBAN,Local,Major Urbanized,481000,2142000,6769000,urban_major,481000,6769000,2142000,686908.0256,9379566.408,0.078109143
7,1,A_2,0.014662574,2,URBAN,Interstate,Major Urbanized,844000,3651000,11172000,urban_major,844000,11172000,3651000,681127.8278,9315888.127,0.07745187
7,2,A_2,0.019133018,2,URBAN,Other Freeway and Expressway,Major Urbanized,799000,3504000,10612000,urban_major,799000,10612000,3504000,681127.8278,9315888.127,0.07745187
7,3,A_2,0.309757278,2,URBAN,Other Principal Arterial,Major Urbanized,755000,3361000,10154000,urban_major,755000,10154000,3361000,681127.8278,9315888.127,0.07745187
7,4,A_2,0.362802102,2,URBAN,Minor Arterial,Major Urbanized,684000,3021000,9262000,urban_major,684000,9262000,3021000,681127.8278,9315888.127,0.07745187
7,5,A_2,0.288077845,2,URBAN,Major Collector,Major Urbanized,585000,2594000,8337000,urban_major,585000,8337000,2594000,681127.8278,9315888.127,0.07745187
7,6,A_2,0.005548763,2,URBAN,Minor Collector,Major Urbanized,524000,2320000,7508000,urban_major,524000,7508000,2320000,681127.8278,9315888.127,0.07745187
7,7,A_2,1.84E-05,2,URBAN,Local,Major Urbanized,481000,2142000,6769000,urban_major,481000,6769000,2142000,681127.8278,9315888.127,0.07745187
7,1,A_3,0.337815176,3,URBAN,Interstate,Major Urbanized,844000,3651000,11172000,urban_major,844000,11172000,3651000,757005.2589,10169245.03,0.086079985
7,2,A_3,0.200458757,3,URBAN,Other Freeway and Expressway,Major Urbanized,799000,3504000,10612000,urban_major,799000,10612000,3504000,757005.2589,10169245.03,0.086079985
7,3,A_3,0.135338712,3,URBAN,Other Principal Arterial,Major Urbanized,755000,3361000,10154000,urban_major,755000,10154000,3361000,757005.2589,10169245.03,0.086079985
7,4,A_3,0.190862844,3,URBAN,Minor Arterial,Major Urbanized,684000,3021000,9262000,urban_major,684000,9262000,3021000,757005.2589,10169245.03,0.086079985
7,5,A_3,0.130867347,3,URBAN,Major Collector,Major Urbanized,585000,2594000,8337000,urban_major,585000,8337000,2594000,757005.2589,10169245.03,0.086079985
7,6,A_3,0.004518536,3,URBAN,Minor Collector,Major Urbanized,524000,2320000,7508000,urban_major,524000,7508000,2320000,757005.2589,10169245.03,0.086079985
7,7,A_3,0.000138629,3,URBAN,Local,Major Urbanized,481000,2142000,6769000,urban_major,481000,6769000,2142000,757005.2589,10169245.03,0.086079985
7,1,A_4,0.01372286,4,URBAN,Interstate,Major Urbanized,844000,3651000,11172000,urban_major,844000,11172000,3651000,671716.8212,9216626.658,0.076381733
7,2,A_4,0.023713612,4,URBAN,Other Freeway and Expressway,Major Urbanized,799000,3504000,10612000,urban_major,799000,10612000,3504000,671716.8212,9216626.658,0.076381733
7,3,A_4,0.258355617,4,URBAN,Other Principal Arterial,Major Urbanized,755000,3361000,10154000,urban_major,755000,10154000,3361000,671716.8212,9216626.658,0.076381733
7,4,A_4,0.349608609,4,URBAN,Minor Arterial,Major Urbanized,684000,3021000,9262000,urban_major,684000,9262000,3021000,671716.8212,9216626.658,0.076381733
7,5,A_4,0.347390395,4,URBAN,Major Collector,Major Urbanized,585000,2594000,8337000,urban_major,585000,8337000,2594000,671716.8212,9216626.658,0.076381733
7,6,A_4,0.007114121,4,URBAN,Minor Collector,Major Urbanized,524000,2320000,7508000,urban_major,524000,7508000,2320000,671716.8212,9216626.658,0.076381733
7,7,A_4,9.48E-05,4,URBAN,Local,Major Urbanized,481000,2142000,6769000,urban_major,481000,6769000,2142000,671716.8212,9216626.658,0.076381733
7,1,A_5,0.011029229,5,URBAN,Interstate,Major Urbanized,844000,3651000,11172000,urban_major,844000,11172000,3651000,628148.1191,8713710.315,0.071427483
7,2,A_5,0.005317454,5,URBAN,Other Freeway and Expressway,Major Urbanized,799000,3504000,10612000,urban_major,799000,10612000,3504000,628148.1191,8713710.315,0.071427483
7,3,A_5,0.163441868,5,URBAN,Other Principal Arterial,Major Urbanized,755000,3361000,10154000,urban_major,755000,10154000,3361000,628148.1191,8713710.315,0.071427483
7,4,A_5,0.280861293,5,URBAN,Minor Arterial,Major Urbanized,684000,3021000,9262000,urban_major,684000,9262000,3021000,628148.1191,8713710.315,0.071427483
7,5,A_5,0.270054748,5,URBAN,Major Collector,Major Urbanized,585000,2594000,8337000,urban_major,585000,8337000,2594000,628148.1191,8713710.315,0.071427483
7,6,A_5,0.26899929,5,URBAN,Minor Collector,Major Urbanized,524000,2320000,7508000,urban_major,524000,7508000,2320000,628148.1191,8713710.315,0.071427483
7,7,A_5,0.000275859,5,URBAN,Local,Major Urbanized,481000,2142000,6769000,urban_major,481000,6769000,2142000,628148.1191,8713710.315,0.071427483
7,1,A_6,0.044336553,6,URBAN,Interstate,Major Urbanized,844000,3651000,11172000,urban_major,844000,11172000,3651000,670885.7008,9220039.06,0.076287225
7,2,A_6,0.021502802,6,URBAN,Other Freeway and Expressway,Major Urbanized,799000,3504000,10612000,urban_major,799000,10612000,3504000,670885.7008,9220039.06,0.076287225
7,3,A_6,0.263880959,6,URBAN,Other Principal Arterial,Major Urbanized,755000,3361000,10154000,urban_major,755000,10154000,3361000,670885.7008,9220039.06,0.076287225
7,4,A_6,0.261625015,6,URBAN,Minor Arterial,Major Urbanized,684000,3021000,9262000,urban_major,684000,9262000,3021000,670885.7008,9220039.06,0.076287225
7,5,A_6,0.392950198,6,URBAN,Major Collector,Major Urbanized,585000,2594000,8337000,urban_major,585000,8337000,2594000,670885.7008,9220039.06,0.076287225
7,6,A_6,0.015664194,6,URBAN,Minor Collector,Major Urbanized,524000,2320000,7508000,urban_major,524000,7508000,2320000,670885.7008,9220039.06,0.076287225
7,7,A_6,4.03E-05,6,URBAN,Local,Major Urbanized,481000,2142000,6769000,urban_major,481000,6769000,2142000,670885.7008,9220039.06,0.076287225
1,1,A_7,0.795883121,7,RURAL,Interstate,Flat,336000,1625000,4511000,rural_flat,336000,4511000,1625000,331644.2844,1610217.905,0.037711673
1,2,A_7,0.190447976,7,RURAL,Other Freeway and Expressway,Flat,316000,1557000,4254000,rural_flat,316000,4254000,1557000,331644.2844,1610217.905,0.037711673
1,3,A_7,0.013668903,7,RURAL,Other Principal Arterial,Flat,296000,1491000,4073000,rural_flat,296000,4073000,1491000,331644.2844,1610217.905,0.037711673
1,4,A_7,0,7,RURAL,Minor Arterial,Flat,269000,1360000,3685000,rural_flat,269000,3685000,1360000,331644.2844,1610217.905,0.037711673
1,5,A_7,0,7,RURAL,Major Collector,Flat,240000,1228000,3382000,rural_flat,240000,3382000,1228000,331644.2844,1610217.905,0.037711673
1,6,A_7,0,7,RURAL,Minor Collector,Flat,212000,1117000,3046000,rural_flat,212000,3046000,1117000,331644.2844,1610217.905,0.037711673
1,7,A_7,0,7,RURAL,Local,Flat,192000,1043000,2808000,rural_flat,192000,2808000,1043000,331644.2844,1610217.905,0.037711673
7,1,B_1,0.038576797,1,URBAN,Interstate,Major Urbanized,844000,3651000,11172000,urban_major,844000,11172000,3651000,684208.2181,9349512.007,0.077802145
7,2,B_1,0.01849223,1,URBAN,Other Freeway and Expressway,Major Urbanized,799000,3504000,10612000,urban_major,799000,10612000,3504000,684208.2181,9349512.007,0.077802145
7,3,B_1,0.286095394,1,URBAN,Other Principal Arterial,Major Urbanized,755000,3361000,10154000,urban_major,755000,10154000,3361000,684208.2181,9349512.007,0.077802145
7,4,B_1,0.372098703,1,URBAN,Minor Arterial,Major Urbanized,684000,3021000,9262000,urban_major,684000,9262000,3021000,684208.2181,9349512.007,0.077802145
7,5,B_1,0.281378263,1,URBAN,Major Collector,Major Urbanized,585000,2594000,8337000,urban_major,585000,8337000,2594000,684208.2181,9349512.007,0.077802145
7,6,B_1,0.003134827,1,URBAN,Minor Collector,Major Urbanized,524000,2320000,7508000,urban_major,524000,7508000,2320000,684208.2181,9349512.007,0.077802145
7,7,B_1,0.000223786,1,URBAN,Local,Major Urbanized,481000,2142000,6769000,urban_major,481000,6769000,2142000,684208.2181,9349512.007,0.077802145
7,1,B_2,0.017913185,2,URBAN,Interstate,Major Urbanized,844000,3651000,11172000,urban_major,844000,11172000,3651000,680174.8536,9303552.35,0.077343506
7,2,B_2,0.01955723,2,URBAN,Other Freeway and Expressway,Major Urbanized,799000,3504000,10612000,urban_major,799000,10612000,3504000,680174.8536,9303552.35,0.077343506
7,3,B_2,0.287148845,2,URBAN,Other Principal Arterial,Major Urbanized,755000,3361000,10154000,urban_major,755000,10154000,3361000,680174.8536,9303552.35,0.077343506
7,4,B_2,0.381903473,2,URBAN,Minor Arterial,Major Urbanized,684000,3021000,9262000,urban_major,684000,9262000,3021000,680174.8536,9303552.35,0.077343506
7,5,B_2,0.289061136,2,URBAN,Major Collector,Major Urbanized,585000,2594000,8337000,urban_major,585000,8337000,2594000,680174.8536,9303552.35,0.077343506
7,6,B_2,0.004316783,2,URBAN,Minor Collector,Major Urbanized,524000,2320000,7508000,urban_major,524000,7508000,2320000,680174.8536,9303552.35,0.077343506
7,7,B_2,9.93E-05,2,URBAN,Local,Major Urbanized,481000,2142000,6769000,urban_major,481000,6769000,2142000,680174.8536,9303552.35,0.077343506
7,1,B_3,0.356331969,3,URBAN,Interstate,Major Urbanized,844000,3651000,11172000,urban_major,844000,11172000,3651000,748195.5112,10076032.44,0.085078217
7,2,B_3,0.154092123,3,URBAN,Other Freeway and Expressway,Major Urbanized,799000,3504000,10612000,urban_major,799000,10612000,3504000,748195.5112,10076032.44,0.085078217
7,3,B_3,0.113752412,3,URBAN,Other Principal Arterial,Major Urbanized,755000,3361000,10154000,urban_major,755000,10154000,3361000,748195.5112,10076032.44,0.085078217
7,4,B_3,0.192781651,3,URBAN,Minor Arterial,Major Urbanized,684000,3021000,9262000,urban_major,684000,9262000,3021000,748195.5112,10076032.44,0.085078217
7,5,B_3,0.175102504,3,URBAN,Major Collector,Major Urbanized,585000,2594000,8337000,urban_major,585000,8337000,2594000,748195.5112,10076032.44,0.085078217
7,6,B_3,0.00772592,3,URBAN,Minor Collector,Major Urbanized,524000,2320000,7508000,urban_major,524000,7508000,2320000,748195.5112,10076032.44,0.085078217
7,7,B_3,0.00021342,3,URBAN,Local,Major Urbanized,481000,2142000,6769000,urban_major,481000,6769000,2142000,748195.5112,10076032.44,0.085078217
7,1,B_4,0.016758465,4,URBAN,Interstate,Major Urbanized,844000,3651000,11172000,urban_major,844000,11172000,3651000,668201.4803,9178412.266,0.075981999
7,2,B_4,0.020374428,4,URBAN,Other Freeway and Expressway,Major Urbanized,799000,3504000,10612000,urban_major,799000,10612000,3504000,668201.4803,9178412.266,0.075981999
7,3,B_4,0.235286004,4,URBAN,Other Principal Arterial,Major Urbanized,755000,3361000,10154000,urban_major,755000,10154000,3361000,668201.4803,9178412.266,0.075981999
7,4,B_4,0.354035004,4,URBAN,Minor Arterial,Major Urbanized,684000,3021000,9262000,urban_major,684000,9262000,3021000,668201.4803,9178412.266,0.075981999
7,5,B_4,0.364624537,4,URBAN,Major Collector,Major Urbanized,585000,2594000,8337000,urban_major,585000,8337000,2594000,668201.4803,9178412.266,0.075981999
7,6,B_4,0.008852716,4,URBAN,Minor Collector,Major Urbanized,524000,2320000,7508000,urban_major,524000,7508000,2320000,668201.4803,9178412.266,0.075981999
7,7,B_4,6.88E-05,4,URBAN,Local,Major Urbanized,481000,2142000,6769000,urban_major,481000,6769000,2142000,668201.4803,9178412.266,0.075981999
5,1,B_5,0.01725186,5,URBAN,Interstate,Small Urbanized,666000,2761000,7601000,urban_small,666000,7601000,2761000,496118.0643,5495123.534,0.056414186
5,2,B_5,0.014657172,5,URBAN,Other Freeway and Expressway,Small Urbanized,630000,2653000,7091000,urban_small,630000,7091000,2653000,496118.0643,5495123.534,0.056414186
5,3,B_5,0.168257105,5,URBAN,Other Principal Arterial,Small Urbanized,596000,2548000,6673000,urban_small,596000,6673000,2548000,496118.0643,5495123.534,0.056414186
5,4,B_5,0.240022311,5,URBAN,Minor Arterial,Small Urbanized,539000,2305000,5928000,urban_small,539000,5928000,2305000,496118.0643,5495123.534,0.056414186
5,5,B_5,0.226064427,5,URBAN,Major Collector,Small Urbanized,469000,2021000,5216000,urban_small,469000,5216000,2021000,496118.0643,5495123.534,0.056414186
5,6,B_5,0.329499823,5,URBAN,Minor Collector,Small Urbanized,419000,1824000,4605000,urban_small,419000,4605000,1824000,496118.0643,5495123.534,0.056414186
5,7,B_5,0.004056571,5,URBAN,Local,Small Urbanized,385000,1699000,4161000,urban_small,385000,4161000,1699000,496118.0643,5495123.534,0.056414186
1,1,B_6,0.046186645,6,RURAL,Interstate,Flat,336000,1625000,4511000,rural_flat,336000,4511000,1625000,264256.2803,1337851.066,0.030048902
1,2,B_6,0.023234334,6,RURAL,Other Freeway and Expressway,Flat,316000,1557000,4254000,rural_flat,316000,4254000,1557000,264256.2803,1337851.066,0.030048902
1,3,B_6,0.193343846,6,RURAL,Other Principal Arterial,Flat,296000,1491000,4073000,rural_flat,296000,4073000,1491000,264256.2803,1337851.066,0.030048902
1,4,B_6,0.256041881,6,RURAL,Minor Arterial,Flat,269000,1360000,3685000,rural_flat,269000,3685000,1360000,264256.2803,1337851.066,0.030048902
1,5,B_6,0.474275116,6,RURAL,Major Collector,Flat,240000,1228000,3382000,rural_flat,240000,3382000,1228000,264256.2803,1337851.066,0.030048902
1,6,B_6,0.006807781,6,RURAL,Minor Collector,Flat,212000,1117000,3046000,rural_flat,212000,3046000,1117000,264256.2803,1337851.066,0.030048902
1,7,B_6,0.000110397,6,RURAL,Local,Flat,192000,1043000,2808000,rural_flat,192000,2808000,1043000,264256.2803,1337851.066,0.030048902
5,1,C_1,0.063716324,1,URBAN,Interstate,Small Urbanized,666000,2761000,7601000,urban_small,666000,7601000,2761000,543808.9304,6043029.683,0.061837172
5,2,C_1,0.000158184,1,URBAN,Other Freeway and Expressway,Small Urbanized,630000,2653000,7091000,urban_small,630000,7091000,2653000,543808.9304,6043029.683,0.061837172
5,3,C_1,0.286835377,1,URBAN,Other Principal Arterial,Small Urbanized,596000,2548000,6673000,urban_small,596000,6673000,2548000,543808.9304,6043029.683,0.061837172
5,4,C_1,0.407122137,1,URBAN,Minor Arterial,Small Urbanized,539000,2305000,5928000,urban_small,539000,5928000,2305000,543808.9304,6043029.683,0.061837172
5,5,C_1,0.190263401,1,URBAN,Major Collector,Small Urbanized,469000,2021000,5216000,urban_small,469000,5216000,2021000,543808.9304,6043029.683,0.061837172
5,6,C_1,0.048961419,1,URBAN,Minor Collector,Small Urbanized,419000,1824000,4605000,urban_small,419000,4605000,1824000,543808.9304,6043029.683,0.061837172
5,7,C_1,0.002943153,1,URBAN,Local,Small Urbanized,385000,1699000,4161000,urban_small,385000,4161000,1699000,543808.9304,6043029.683,0.061837172
5,1,C_2,0.018702969,2,URBAN,Interstate,Small Urbanized,666000,2761000,7601000,urban_small,666000,7601000,2761000,542052.6575,6015274.104,0.061637464
5,2,C_2,0.010440819,2,URBAN,Other Freeway and Expressway,Small Urbanized,630000,2653000,7091000,urban_small,630000,7091000,2653000,542052.6575,6015274.104,0.061637464
5,3,C_2,0.311083192,2,URBAN,Other Principal Arterial,Small Urbanized,596000,2548000,6673000,urban_small,596000,6673000,2548000,542052.6575,6015274.104,0.061637464
5,4,C_2,0.43590329,2,URBAN,Minor Arterial,Small Urbanized,539000,2305000,5928000,urban_small,539000,5928000,2305000,542052.6575,6015274.104,0.061637464
5,5,C_2,0.17728931,2,URBAN,Major Collector,Small Urbanized,469000,2021000,5216000,urban_small,469000,5216000,2021000,542052.6575,6015274.104,0.061637464
5,6,C_2,0.046445903,2,URBAN,Minor Collector,Small Urbanized,419000,1824000,4605000,urban_small,419000,4605000,1824000,542052.6575,6015274.104,0.061637464
5,7,C_2,0.000134518,2,URBAN,Local,Small Urbanized,385000,1699000,4161000,urban_small,385000,4161000,1699000,542052.6575,6015274.104,0.061637464
5,1,C_3,0.407233293,3,URBAN,Interstate,Small Urbanized,666000,2761000,7601000,urban_small,666000,7601000,2761000,589315.025,6630034.723,0.067011725
5,2,C_3,0.088120589,3,URBAN,Other Freeway and Expressway,Small Urbanized,630000,2653000,7091000,urban_small,630000,7091000,2653000,589315.025,6630034.723,0.067011725
5,3,C_3,0.122003348,3,URBAN,Other Principal Arterial,Small Urbanized,596000,2548000,6673000,urban_small,596000,6673000,2548000,589315.025,6630034.723,0.067011725
5,4,C_3,0.19100549,3,URBAN,Minor Arterial,Small Urbanized,539000,2305000,5928000,urban_small,539000,5928000,2305000,589315.025,6630034.723,0.067011725
5,5,C_3,0.132394094,3,URBAN,Major Collector,Small Urbanized,469000,2021000,5216000,urban_small,469000,5216000,2021000,589315.025,6630034.723,0.067011725
5,6,C_3,0.059243179,3,URBAN,Minor Collector,Small Urbanized,419000,1824000,4605000,urban_small,419000,4605000,1824000,589315.025,6630034.723,0.067011725
5,7,C_3,0,3,URBAN,Local,Small Urbanized,385000,1699000,4161000,urban_small,385000,4161000,1699000,589315.025,6630034.723,0.067011725
5,1,C_4,0.014350673,4,URBAN,Interstate,Small Urbanized,666000,2761000,7601000,urban_small,666000,7601000,2761000,530501.0989,5891608.091,0.060323922
5,2,C_4,0.006987032,4,URBAN,Other Freeway and Expressway,Small Urbanized,630000,2653000,7091000,urban_small,630000,7091000,2653000,530501.0989,5891608.091,0.060323922
5,3,C_4,0.287578985,4,URBAN,Other Principal Arterial,Small Urbanized,596000,2548000,6673000,urban_small,596000,6673000,2548000,530501.0989,5891608.091,0.060323922
5,4,C_4,0.332400652,4,URBAN,Minor Arterial,Small Urbanized,539000,2305000,5928000,urban_small,539000,5928000,2305000,530501.0989,5891608.091,0.060323922
5,5,C_4,0.313853219,4,URBAN,Major Collector,Small Urbanized,469000,2021000,5216000,urban_small,469000,5216000,2021000,530501.0989,5891608.091,0.060323922
5,6,C_4,0.044829444,4,URBAN,Minor Collector,Small Urbanized,419000,1824000,4605000,urban_small,419000,4605000,1824000,530501.0989,5891608.091,0.060323922
5,7,C_4,0,4,URBAN,Local,Small Urbanized,385000,1699000,4161000,urban_small,385000,4161000,1699000,530501.0989,5891608.091,0.060323922
5,1,C_5,0.024400648,5,URBAN,Interstate,Small Urbanized,666000,2761000,7601000,urban_small,666000,7601000,2761000,503980.6002,5578884.031,0.057308244
5,2,C_5,0.021044898,5,URBAN,Other Freeway and Expressway,Small Urbanized,630000,2653000,7091000,urban_small,630000,7091000,2653000,503980.6002,5578884.031,0.057308244
5,3,C_5,0.170492549,5,URBAN,Other Principal Arterial,Small Urbanized,596000,2548000,6673000,urban_small,596000,6673000,2548000,503980.6002,5578884.031,0.057308244
5,4,C_5,0.3198182,5,URBAN,Minor Arterial,Small Urbanized,539000,2305000,5928000,urban_small,539000,5928000,2305000,503980.6002,5578884.031,0.057308244
5,5,C_5,0.120117629,5,URBAN,Major Collector,Small Urbanized,469000,2021000,5216000,urban_small,469000,5216000,2021000,503980.6002,5578884.031,0.057308244
5,6,C_5,0.342711954,5,URBAN,Minor Collector,Small Urbanized,419000,1824000,4605000,urban_small,419000,4605000,1824000,503980.6002,5578884.031,0.057308244
5,7,C_5,0.00141412,5,URBAN,Local,Small Urbanized,385000,1699000,4161000,urban_small,385000,4161000,1699000,503980.6002,5578884.031,0.057308244
5,1,C_6,0.053729155,6,URBAN,Interstate,Small Urbanized,666000,2761000,7601000,urban_small,666000,7601000,2761000,527084.4537,5870571.436,0.059935411
5,2,C_6,0.015233397,6,URBAN,Other Freeway and Expressway,Small Urbanized,630000,2653000,7091000,urban_small,630000,7091000,2653000,527084.4537,5870571.436,0.059935411
5,3,C_6,0.253727849,6,URBAN,Other Principal Arterial,Small Urbanized,596000,2548000,6673000,urban_small,596000,6673000,2548000,527084.4537,5870571.436,0.059935411
5,4,C_6,0.198871648,6,URBAN,Minor Arterial,Small Urbanized,539000,2305000,5928000,urban_small,539000,5928000,2305000,527084.4537,5870571.436,0.059935411
5,5,C_6,0.456619777,6,URBAN,Major Collector,Small Urbanized,469000,2021000,5216000,urban_small,469000,5216000,2021000,527084.4537,5870571.436,0.059935411
5,6,C_6,0.021632587,6,URBAN,Minor Collector,Small Urbanized,419000,1824000,4605000,urban_small,419000,4605000,1824000,527084.4537,5870571.436,0.059935411
5,7,C_6,0.000185589,6,URBAN,Local,Small Urbanized,385000,1699000,4161000,urban_small,385000,4161000,1699000,527084.4537,5870571.436,0.059935411
5,1,D_1,0.019911812,1,URBAN,Interstate,Small Urbanized,666000,2761000,7601000,urban_small,666000,7601000,2761000,538647.923,5984755.482,0.061250308
5,2,D_1,0.01452132,1,URBAN,Other Freeway and Expressway,Small Urbanized,630000,2653000,7091000,urban_small,630000,7091000,2653000,538647.923,5984755.482,0.061250308
5,3,D_1,0.302247339,1,URBAN,Other Principal Arterial,Small Urbanized,596000,2548000,6673000,urban_small,596000,6673000,2548000,538647.923,5984755.482,0.061250308
5,4,D_1,0.361621426,1,URBAN,Minor Arterial,Small Urbanized,539000,2305000,5928000,urban_small,539000,5928000,2305000,538647.923,5984755.482,0.061250308
5,5,D_1,0.295547517,1,URBAN,Major Collector,Small Urbanized,469000,2021000,5216000,urban_small,469000,5216000,2021000,538647.923,5984755.482,0.061250308
5,6,D_1,0.006032387,1,URBAN,Minor Collector,Small Urbanized,419000,1824000,4605000,urban_small,419000,4605000,1824000,538647.923,5984755.482,0.061250308
5,7,D_1,0.000118201,1,URBAN,Local,Small Urbanized,385000,1699000,4161000,urban_small,385000,4161000,1699000,538647.923,5984755.482,0.061250308
5,1,D_2,0.016692452,2,URBAN,Interstate,Small Urbanized,666000,2761000,7601000,urban_small,666000,7601000,2761000,535926.7013,5952651.234,0.060940874
5,2,D_2,0.017233219,2,URBAN,Other Freeway and Expressway,Small Urbanized,630000,2653000,7091000,urban_small,630000,7091000,2653000,535926.7013,5952651.234,0.060940874
5,3,D_2,0.279013111,2,URBAN,Other Principal Arterial,Small Urbanized,596000,2548000,6673000,urban_small,596000,6673000,2548000,535926.7013,5952651.234,0.060940874
5,4,D_2,0.367745016,2,URBAN,Minor Arterial,Small Urbanized,539000,2305000,5928000,urban_small,539000,5928000,2305000,535926.7013,5952651.234,0.060940874
5,5,D_2,0.313133654,2,URBAN,Major Collector,Small Urbanized,469000,2021000,5216000,urban_small,469000,5216000,2021000,535926.7013,5952651.234,0.060940874
5,6,D_2,0.006066406,2,URBAN,Minor Collector,Small Urbanized,419000,1824000,4605000,urban_small,419000,4605000,1824000,535926.7013,5952651.234,0.060940874
5,7,D_2,0.000116141,2,URBAN,Local,Small Urbanized,385000,1699000,4161000,urban_small,385000,4161000,1699000,535926.7013,5952651.234,0.060940874
5,1,D_3,0.34074773,3,URBAN,Interstate,Small Urbanized,666000,2761000,7601000,urban_small,666000,7601000,2761000,582861.1204,6550672.491,0.066277844
5,2,D_3,0.125231071,3,URBAN,Other Freeway and Expressway,Small Urbanized,630000,2653000,7091000,urban_small,630000,7091000,2653000,582861.1204,6550672.491,0.066277844
5,3,D_3,0.106935741,3,URBAN,Other Principal Arterial,Small Urbanized,596000,2548000,6673000,urban_small,596000,6673000,2548000,582861.1204,6550672.491,0.066277844
5,4,D_3,0.190854052,3,URBAN,Minor Arterial,Small Urbanized,539000,2305000,5928000,urban_small,539000,5928000,2305000,582861.1204,6550672.491,0.066277844
5,5,D_3,0.228929682,3,URBAN,Major Collector,Small Urbanized,469000,2021000,5216000,urban_small,469000,5216000,2021000,582861.1204,6550672.491,0.066277844
5,6,D_3,0.007186386,3,URBAN,Minor Collector,Small Urbanized,419000,1824000,4605000,urban_small,419000,4605000,1824000,582861.1204,6550672.491,0.066277844
5,7,D_3,0.000115338,3,URBAN,Local,Small Urbanized,385000,1699000,4161000,urban_small,385000,4161000,1699000,582861.1204,6550672.491,0.066277844
5,1,D_4,0.0178417,4,URBAN,Interstate,Small Urbanized,666000,2761000,7601000,urban_small,666000,7601000,2761000,526832.5969,5850787.124,0.059906772
5,2,D_4,0.021194697,4,URBAN,Other Freeway and Expressway,Small Urbanized,630000,2653000,7091000,urban_small,630000,7091000,2653000,526832.5969,5850787.124,0.059906772
5,3,D_4,0.215523787,4,URBAN,Other Principal Arterial,Small Urbanized,596000,2548000,6673000,urban_small,596000,6673000,2548000,526832.5969,5850787.124,0.059906772
5,4,D_4,0.342441491,4,URBAN,Minor Arterial,Small Urbanized,539000,2305000,5928000,urban_small,539000,5928000,2305000,526832.5969,5850787.124,0.059906772
5,5,D_4,0.394303194,4,URBAN,Major Collector,Small Urbanized,469000,2021000,5216000,urban_small,469000,5216000,2021000,526832.5969,5850787.124,0.059906772
5,6,D_4,0.008629418,4,URBAN,Minor Collector,Small Urbanized,419000,1824000,4605000,urban_small,419000,4605000,1824000,526832.5969,5850787.124,0.059906772
5,7,D_4,6.57E-05,4,URBAN,Local,Small Urbanized,385000,1699000,4161000,urban_small,385000,4161000,1699000,526832.5969,5850787.124,0.059906772
5,1,D_5,0.022040299,5,URBAN,Interstate,Small Urbanized,666000,2761000,7601000,urban_small,666000,7601000,2761000,504740.4733,5594723.908,0.05739465
5,2,D_5,0.022319644,5,URBAN,Other Freeway and Expressway,Small Urbanized,630000,2653000,7091000,urban_small,630000,7091000,2653000,504740.4733,5594723.908,0.05739465
5,3,D_5,0.159447194,5,URBAN,Other Principal Arterial,Small Urbanized,596000,2548000,6673000,urban_small,596000,6673000,2548000,504740.4733,5594723.908,0.05739465
5,4,D_5,0.280908843,5,URBAN,Minor Arterial,Small Urbanized,539000,2305000,5928000,urban_small,539000,5928000,2305000,504740.4733,5594723.908,0.05739465
5,5,D_5,0.274291913,5,URBAN,Major Collector,Small Urbanized,469000,2021000,5216000,urban_small,469000,5216000,2021000,504740.4733,5594723.908,0.05739465
5,6,D_5,0.239264596,5,URBAN,Minor Collector,Small Urbanized,419000,1824000,4605000,urban_small,419000,4605000,1824000,504740.4733,5594723.908,0.05739465
5,7,D_5,0.001727513,5,URBAN,Local,Small Urbanized,385000,1699000,4161000,urban_small,385000,4161000,1699000,504740.4733,5594723.908,0.05739465
5,1,D_6,0.053242702,6,URBAN,Interstate,Small Urbanized,666000,2761000,7601000,urban_small,666000,7601000,2761000,524213.2823,5836862.344,0.059608927
5,2,D_6,0.028408071,6,URBAN,Other Freeway and Expressway,Small Urbanized,630000,2653000,7091000,urban_small,630000,7091000,2653000,524213.2823,5836862.344,0.059608927
5,3,D_6,0.198083671,6,URBAN,Other Principal Arterial,Small Urbanized,596000,2548000,6673000,urban_small,596000,6673000,2548000,524213.2823,5836862.344,0.059608927
5,4,D_6,0.21772097,6,URBAN,Minor Arterial,Small Urbanized,539000,2305000,5928000,urban_small,539000,5928000,2305000,524213.2823,5836862.344,0.059608927
5,5,D_6,0.497661008,6,URBAN,Major Collector,Small Urbanized,469000,2021000,5216000,urban_small,469000,5216000,2021000,524213.2823,5836862.344,0.059608927
5,6,D_6,0.004820499,6,URBAN,Minor Collector,Small Urbanized,419000,1824000,4605000,urban_small,419000,4605000,1824000,524213.2823,5836862.344,0.059608927
5,7,D_6,6.31E-05,6,URBAN,Local,Small Urbanized,385000,1699000,4161000,urban_small,385000,4161000,1699000,524213.2823,5836862.344,0.059608927
6,1,E_1,0.053868249,1,URBAN,Interstate,Large Urbanized,797000,3394000,9472000,urban_large,797000,9472000,3394000,639419.6427,7853097.657,0.072709182
6,2,E_1,0.016774285,1,URBAN,Other Freeway and Expressway,Large Urbanized,753000,3258000,9025000,urban_large,753000,9025000,3258000,639419.6427,7853097.657,0.072709182
6,3,E_1,0.231969997,1,URBAN,Other Principal Arterial,Large Urbanized,712000,3126000,8642000,urban_large,712000,8642000,3126000,639419.6427,7853097.657,0.072709182
6,4,E_1,0.372762758,1,URBAN,Minor Arterial,Large Urbanized,645000,2816000,7863000,urban_large,645000,7863000,2816000,639419.6427,7853097.657,0.072709182
6,5,E_1,0.313994072,1,URBAN,Major Collector,Large Urbanized,551000,2422000,6972000,urban_large,551000,6972000,2422000,639419.6427,7853097.657,0.072709182
6,6,E_1,0.010599598,1,URBAN,Minor Collector,Large Urbanized,494000,2172000,6265000,urban_large,494000,6265000,2172000,639419.6427,7853097.657,0.072709182
6,7,E_1,3.10E-05,1,URBAN,Local,Large Urbanized,453000,2010000,5743000,urban_large,453000,5743000,2010000,639419.6427,7853097.657,0.072709182
5,1,E_2,0.016888602,2,URBAN,Interstate,Small Urbanized,666000,2761000,7601000,urban_small,666000,7601000,2761000,535809.5798,5952307.573,0.060927556
5,2,E_2,0.016820297,2,URBAN,Other Freeway and Expressway,Small Urbanized,630000,2653000,7091000,urban_small,630000,7091000,2653000,535809.5798,5952307.573,0.060927556
5,3,E_2,0.284273755,2,URBAN,Other Principal Arterial,Small Urbanized,596000,2548000,6673000,urban_small,596000,6673000,2548000,535809.5798,5952307.573,0.060927556
5,4,E_2,0.356832206,2,URBAN,Minor Arterial,Small Urbanized,539000,2305000,5928000,urban_small,539000,5928000,2305000,535809.5798,5952307.573,0.060927556
5,5,E_2,0.319411037,2,URBAN,Major Collector,Small Urbanized,469000,2021000,5216000,urban_small,469000,5216000,2021000,535809.5798,5952307.573,0.060927556
5,6,E_2,0.005248848,2,URBAN,Minor Collector,Small Urbanized,419000,1824000,4605000,urban_small,419000,4605000,1824000,535809.5798,5952307.573,0.060927556
5,7,E_2,0.000525256,2,URBAN,Local,Small Urbanized,385000,1699000,4161000,urban_small,385000,4161000,1699000,535809.5798,5952307.573,0.060927556
5,1,E_3,0.385754572,3,URBAN,Interstate,Small Urbanized,666000,2761000,7601000,urban_small,666000,7601000,2761000,584916.1611,6580842.479,0.066511525
5,2,E_3,0.103137582,3,URBAN,Other Freeway and Expressway,Small Urbanized,630000,2653000,7091000,urban_small,630000,7091000,2653000,584916.1611,6580842.479,0.066511525
5,3,E_3,0.091596557,3,URBAN,Other Principal Arterial,Small Urbanized,596000,2548000,6673000,urban_small,596000,6673000,2548000,584916.1611,6580842.479,0.066511525
5,4,E_3,0.172963846,3,URBAN,Minor Arterial,Small Urbanized,539000,2305000,5928000,urban_small,539000,5928000,2305000,584916.1611,6580842.479,0.066511525
5,5,E_3,0.238187371,3,URBAN,Major Collector,Small Urbanized,469000,2021000,5216000,urban_small,469000,5216000,2021000,584916.1611,6580842.479,0.066511525
5,6,E_3,0.008216868,3,URBAN,Minor Collector,Small Urbanized,419000,1824000,4605000,urban_small,419000,4605000,1824000,584916.1611,6580842.479,0.066511525
5,7,E_3,0.000143203,3,URBAN,Local,Small Urbanized,385000,1699000,4161000,urban_small,385000,4161000,1699000,584916.1611,6580842.479,0.066511525
5,1,E_4,0.011030987,4,URBAN,Interstate,Small Urbanized,666000,2761000,7601000,urban_small,666000,7601000,2761000,523435.4839,5814918.991,0.059520483
5,2,E_4,0.013469745,4,URBAN,Other Freeway and Expressway,Small Urbanized,630000,2653000,7091000,urban_small,630000,7091000,2653000,523435.4839,5814918.991,0.059520483
5,3,E_4,0.233724544,4,URBAN,Other Principal Arterial,Small Urbanized,596000,2548000,6673000,urban_small,596000,6673000,2548000,523435.4839,5814918.991,0.059520483
5,4,E_4,0.2970504,4,URBAN,Minor Arterial,Small Urbanized,539000,2305000,5928000,urban_small,539000,5928000,2305000,523435.4839,5814918.991,0.059520483
5,5,E_4,0.437175263,4,URBAN,Major Collector,Small Urbanized,469000,2021000,5216000,urban_small,469000,5216000,2021000,523435.4839,5814918.991,0.059520483
5,6,E_4,0.007391955,4,URBAN,Minor Collector,Small Urbanized,419000,1824000,4605000,urban_small,419000,4605000,1824000,523435.4839,5814918.991,0.059520483
5,7,E_4,0.000157106,4,URBAN,Local,Small Urbanized,385000,1699000,4161000,urban_small,385000,4161000,1699000,523435.4839,5814918.991,0.059520483
4,1,E_5,0.02257518,5,URBAN,Interstate,Small Urban,589000,2379000,5848000,urban_xsmall,589000,5848000,2379000,437435.1538,4061158.242,0.049741281
4,2,E_5,0.000772794,5,URBAN,Other Freeway and Expressway,Small Urban,557000,2287000,5378000,urban_xsmall,557000,5378000,2287000,437435.1538,4061158.242,0.049741281
4,3,E_5,0.193608773,5,URBAN,Other Principal Arterial,Small Urban,527000,2199000,5019000,urban_xsmall,527000,5019000,2199000,437435.1538,4061158.242,0.049741281
4,4,E_5,0.189333949,5,URBAN,Minor Arterial,Small Urban,476000,2000000,4404000,urban_xsmall,476000,4404000,2000000,437435.1538,4061158.242,0.049741281
4,5,E_5,0.265669315,5,URBAN,Major Collector,Small Urban,415000,1760000,3856000,urban_xsmall,415000,3856000,1760000,437435.1538,4061158.242,0.049741281
4,6,E_5,0.304126696,5,URBAN,Minor Collector,Small Urban,372000,1600000,3364000,urban_xsmall,372000,3364000,1600000,437435.1538,4061158.242,0.049741281
4,7,E_5,0.023801157,5,URBAN,Local,Small Urban,341000,1497000,3003000,urban_xsmall,341000,3003000,1497000,437435.1538,4061158.242,0.049741281
1,1,E_7,0,7,RURAL,Interstate,Flat,336000,1625000,4511000,rural_flat,336000,4511000,1625000,287000,1441750,0.032635118
1,2,E_7,0.25,7,RURAL,Other Freeway and Expressway,Flat,316000,1557000,4254000,rural_flat,316000,4254000,1557000,287000,1441750,0.032635118
1,3,E_7,0.5,7,RURAL,Other Principal Arterial,Flat,296000,1491000,4073000,rural_flat,296000,4073000,1491000,287000,1441750,0.032635118
1,4,E_7,0,7,RURAL,Minor Arterial,Flat,269000,1360000,3685000,rural_flat,269000,3685000,1360000,287000,1441750,0.032635118
1,5,E_7,0.25,7,RURAL,Major Collector,Flat,240000,1228000,3382000,rural_flat,240000,3382000,1228000,287000,1441750,0.032635118
1,6,E_7,0,7,RURAL,Minor Collector,Flat,212000,1117000,3046000,rural_flat,212000,3046000,1117000,287000,1441750,0.032635118
1,7,E_7,0,7,RURAL,Local,Flat,192000,1043000,2808000,rural_flat,192000,2808000,1043000,287000,1441750,0.032635118
4,1,F_2,0.015088313,2,URBAN,Interstate,Small Urban,589000,2379000,5848000,urban_xsmall,589000,5848000,2379000,466671.5865,4370088.009,0.053065791
4,2,F_2,0.030996334,2,URBAN,Other Freeway and Expressway,Small Urban,557000,2287000,5378000,urban_xsmall,557000,5378000,2287000,466671.5865,4370088.009,0.053065791
4,3,F_2,0.234081023,2,URBAN,Other Principal Arterial,Small Urban,527000,2199000,5019000,urban_xsmall,527000,5019000,2199000,466671.5865,4370088.009,0.053065791
4,4,F_2,0.308277661,2,URBAN,Minor Arterial,Small Urban,476000,2000000,4404000,urban_xsmall,476000,4404000,2000000,466671.5865,4370088.009,0.053065791
4,5,F_2,0.402786685,2,URBAN,Major Collector,Small Urban,415000,1760000,3856000,urban_xsmall,415000,3856000,1760000,466671.5865,4370088.009,0.053065791
4,6,F_2,0.008764744,2,URBAN,Minor Collector,Small Urban,372000,1600000,3364000,urban_xsmall,372000,3364000,1600000,466671.5865,4370088.009,0.053065791
4,7,F_2,5.24E-06,2,URBAN,Local,Small Urban,341000,1497000,3003000,urban_xsmall,341000,3003000,1497000,466671.5865,4370088.009,0.053065791
1,1,F_3,0.387105149,3,RURAL,Interstate,Flat,336000,1625000,4511000,rural_flat,336000,4511000,1625000,291859.9074,1448033.95,0.033187743
1,2,F_3,0.077701672,3,RURAL,Other Freeway and Expressway,Flat,316000,1557000,4254000,rural_flat,316000,4254000,1557000,291859.9074,1448033.95,0.033187743
1,3,F_3,0.077892431,3,RURAL,Other Principal Arterial,Flat,296000,1491000,4073000,rural_flat,296000,4073000,1491000,291859.9074,1448033.95,0.033187743
1,4,F_3,0.160791593,3,RURAL,Minor Arterial,Flat,269000,1360000,3685000,rural_flat,269000,3685000,1360000,291859.9074,1448033.95,0.033187743
1,5,F_3,0.28829394,3,RURAL,Major Collector,Flat,240000,1228000,3382000,rural_flat,240000,3382000,1228000,291859.9074,1448033.95,0.033187743
1,6,F_3,0.008094175,3,RURAL,Minor Collector,Flat,212000,1117000,3046000,rural_flat,212000,3046000,1117000,291859.9074,1448033.95,0.033187743
1,7,F_3,0.000121035,3,RURAL,Local,Flat,192000,1043000,2808000,rural_flat,192000,2808000,1043000,291859.9074,1448033.95,0.033187743
5,1,F_4,0.020851778,4,URBAN,Interstate,Small Urbanized,666000,2761000,7601000,urban_small,666000,7601000,2761000,512446.7823,5694236.172,0.058270944
5,2,F_4,0.007482451,4,URBAN,Other Freeway and Expressway,Small Urbanized,630000,2653000,7091000,urban_small,630000,7091000,2653000,512446.7823,5694236.172,0.058270944
5,3,F_4,0.16638725,4,URBAN,Other Principal Arterial,Small Urbanized,596000,2548000,6673000,urban_small,596000,6673000,2548000,512446.7823,5694236.172,0.058270944
5,4,F_4,0.249158615,4,URBAN,Minor Arterial,Small Urbanized,539000,2305000,5928000,urban_small,539000,5928000,2305000,512446.7823,5694236.172,0.058270944
5,5,F_4,0.547360392,4,URBAN,Major Collector,Small Urbanized,469000,2021000,5216000,urban_small,469000,5216000,2021000,512446.7823,5694236.172,0.058270944
5,6,F_4,0.00875952,4,URBAN,Minor Collector,Small Urbanized,419000,1824000,4605000,urban_small,419000,4605000,1824000,512446.7823,5694236.172,0.058270944
5,7,F_4,0,4,URBAN,Local,Small Urbanized,385000,1699000,4161000,urban_small,385000,4161000,1699000,512446.7823,5694236.172,0.058270944
5,1,F_5,0.157686611,5,URBAN,Interstate,Small Urbanized,666000,2761000,7601000,urban_small,666000,7601000,2761000,503331.6675,5605297.597,0.057234453
5,2,F_5,0,5,URBAN,Other Freeway and Expressway,Small Urbanized,630000,2653000,7091000,urban_small,630000,7091000,2653000,503331.6675,5605297.597,0.057234453
5,3,F_5,0.030307852,5,URBAN,Other Principal Arterial,Small Urbanized,596000,2548000,6673000,urban_small,596000,6673000,2548000,503331.6675,5605297.597,0.057234453
5,4,F_5,0.166215021,5,URBAN,Minor Arterial,Small Urbanized,539000,2305000,5928000,urban_small,539000,5928000,2305000,503331.6675,5605297.597,0.057234453
5,5,F_5,0.401455614,5,URBAN,Major Collector,Small Urbanized,469000,2021000,5216000,urban_small,469000,5216000,2021000,503331.6675,5605297.597,0.057234453
5,6,F_5,0.244334882,5,URBAN,Minor Collector,Small Urbanized,419000,1824000,4605000,urban_small,419000,4605000,1824000,503331.6675,5605297.597,0.057234453
5,7,F_5,0,5,URBAN,Local,Small Urbanized,385000,1699000,4161000,urban_small,385000,4161000,1699000,503331.6675,5605297.597,0.057234453
1,1,F_6,0.104607447,6,RURAL,Interstate,Flat,336000,1625000,4511000,rural_flat,336000,4511000,1625000,265530.6072,1340692.832,0.030193807
1,2,F_6,0.030496063,6,RURAL,Other Freeway and Expressway,Flat,316000,1557000,4254000,rural_flat,316000,4254000,1557000,265530.6072,1340692.832,0.030193807
1,3,F_6,0.136121649,6,RURAL,Other Principal Arterial,Flat,296000,1491000,4073000,rural_flat,296000,4073000,1491000,265530.6072,1340692.832,0.030193807
1,4,F_6,0.195911704,6,RURAL,Minor Arterial,Flat,269000,1360000,3685000,rural_flat,269000,3685000,1360000,265530.6072,1340692.832,0.030193807
1,5,F_6,0.528089555,6,RURAL,Major Collector,Flat,240000,1228000,3382000,rural_flat,240000,3382000,1228000,265530.6072,1340692.832,0.030193807
1,6,F_6,0.004773582,6,RURAL,Minor Collector,Flat,212000,1117000,3046000,rural_flat,212000,3046000,1117000,265530.6072,1340692.832,0.030193807
1,7,F_6,0,6,RURAL,Local,Flat,192000,1043000,2808000,rural_flat,192000,2808000,1043000,265530.6072,1340692.832,0.030193807
5,1,G_1,0.000279623,1,URBAN,Interstate,Small Urbanized,666000,2761000,7601000,urban_small,666000,7601000,2761000,513581.8321,5713723.665,0.058400012
5,2,G_1,0,1,URBAN,Other Freeway and Expressway,Small Urbanized,630000,2653000,7091000,urban_small,630000,7091000,2653000,513581.8321,5713723.665,0.058400012
5,3,G_1,0.267242783,1,URBAN,Other Principal Arterial,Small Urbanized,596000,2548000,6673000,urban_small,596000,6673000,2548000,513581.8321,5713723.665,0.058400012
5,4,G_1,0.151241605,1,URBAN,Minor Arterial,Small Urbanized,539000,2305000,5928000,urban_small,539000,5928000,2305000,513581.8321,5713723.665,0.058400012
5,5,G_1,0.581235974,1,URBAN,Major Collector,Small Urbanized,469000,2021000,5216000,urban_small,469000,5216000,2021000,513581.8321,5713723.665,0.058400012
5,6,G_1,0,1,URBAN,Minor Collector,Small Urbanized,419000,1824000,4605000,urban_small,419000,4605000,1824000,513581.8321,5713723.665,0.058400012
5,7,G_1,0,1,URBAN,Local,Small Urbanized,385000,1699000,4161000,urban_small,385000,4161000,1699000,513581.8321,5713723.665,0.058400012
5,1,G_2,0.027262225,2,URBAN,Interstate,Small Urbanized,666000,2761000,7601000,urban_small,666000,7601000,2761000,541240.6928,6009887.395,0.061545135
5,2,G_2,0,2,URBAN,Other Freeway and Expressway,Small Urbanized,630000,2653000,7091000,urban_small,630000,7091000,2653000,541240.6928,6009887.395,0.061545135
5,3,G_2,0.29496684,2,URBAN,Other Principal Arterial,Small Urbanized,596000,2548000,6673000,urban_small,596000,6673000,2548000,541240.6928,6009887.395,0.061545135
5,4,G_2,0.420367371,2,URBAN,Minor Arterial,Small Urbanized,539000,2305000,5928000,urban_small,539000,5928000,2305000,541240.6928,6009887.395,0.061545135
5,5,G_2,0.257074156,2,URBAN,Major Collector,Small Urbanized,469000,2021000,5216000,urban_small,469000,5216000,2021000,541240.6928,6009887.395,0.061545135
5,6,G_2,0.000329407,2,URBAN,Minor Collector,Small Urbanized,419000,1824000,4605000,urban_small,419000,4605000,1824000,541240.6928,6009887.395,0.061545135
5,7,G_2,0,2,URBAN,Local,Small Urbanized,385000,1699000,4161000,urban_small,385000,4161000,1699000,541240.6928,6009887.395,0.061545135
5,1,G_3,0.468763943,3,URBAN,Interstate,Small Urbanized,666000,2761000,7601000,urban_small,666000,7601000,2761000,591354.4733,6660969.54,0.067243633
5,2,G_3,0.009724356,3,URBAN,Other Freeway and Expressway,Small Urbanized,630000,2653000,7091000,urban_small,630000,7091000,2653000,591354.4733,6660969.54,0.067243633
5,3,G_3,0.120287109,3,URBAN,Other Principal Arterial,Small Urbanized,596000,2548000,6673000,urban_small,596000,6673000,2548000,591354.4733,6660969.54,0.067243633
5,4,G_3,0.190881123,3,URBAN,Minor Arterial,Small Urbanized,539000,2305000,5928000,urban_small,539000,5928000,2305000,591354.4733,6660969.54,0.067243633
5,5,G_3,0.207352879,3,URBAN,Major Collector,Small Urbanized,469000,2021000,5216000,urban_small,469000,5216000,2021000,591354.4733,6660969.54,0.067243633
5,6,G_3,0.00163009,3,URBAN,Minor Collector,Small Urbanized,419000,1824000,4605000,urban_small,419000,4605000,1824000,591354.4733,6660969.54,0.067243633
5,7,G_3,0.001360498,3,URBAN,Local,Small Urbanized,385000,1699000,4161000,urban_small,385000,4161000,1699000,591354.4733,6660969.54,0.067243633
5,1,G_4,0.006065089,4,URBAN,Interstate,Small Urbanized,666000,2761000,7601000,urban_small,666000,7601000,2761000,523305.1457,5811161.897,0.059505662
5,2,G_4,0,4,URBAN,Other Freeway and Expressway,Small Urbanized,630000,2653000,7091000,urban_small,630000,7091000,2653000,523305.1457,5811161.897,0.059505662
5,3,G_4,0.251046679,4,URBAN,Other Principal Arterial,Small Urbanized,596000,2548000,6673000,urban_small,596000,6673000,2548000,523305.1457,5811161.897,0.059505662
5,4,G_4,0.309997797,4,URBAN,Minor Arterial,Small Urbanized,539000,2305000,5928000,urban_small,539000,5928000,2305000,523305.1457,5811161.897,0.059505662
5,5,G_4,0.42400013,4,URBAN,Major Collector,Small Urbanized,469000,2021000,5216000,urban_small,469000,5216000,2021000,523305.1457,5811161.897,0.059505662
5,6,G_4,0.008068671,4,URBAN,Minor Collector,Small Urbanized,419000,1824000,4605000,urban_small,419000,4605000,1824000,523305.1457,5811161.897,0.059505662
5,7,G_4,0.000821635,4,URBAN,Local,Small Urbanized,385000,1699000,4161000,urban_small,385000,4161000,1699000,523305.1457,5811161.897,0.059505662
4,1,G_5,0,5,URBAN,Interstate,Small Urban,589000,2379000,5848000,urban_xsmall,589000,5848000,2379000,432962.0702,4010309.213,0.049232641
4,2,G_5,0,5,URBAN,Other Freeway and Expressway,Small Urban,557000,2287000,5378000,urban_xsmall,557000,5378000,2287000,432962.0702,4010309.213,0.049232641
4,3,G_5,0.185199297,5,URBAN,Other Principal Arterial,Small Urban,527000,2199000,5019000,urban_xsmall,527000,5019000,2199000,432962.0702,4010309.213,0.049232641
4,4,G_5,0.195169345,5,URBAN,Minor Arterial,Small Urban,476000,2000000,4404000,urban_xsmall,476000,4404000,2000000,432962.0702,4010309.213,0.049232641
4,5,G_5,0.278106221,5,URBAN,Major Collector,Small Urban,415000,1760000,3856000,urban_xsmall,415000,3856000,1760000,432962.0702,4010309.213,0.049232641
4,6,G_5,0.341525141,5,URBAN,Minor Collector,Small Urban,372000,1600000,3364000,urban_xsmall,372000,3364000,1600000,432962.0702,4010309.213,0.049232641
4,7,G_5,0,5,URBAN,Local,Small Urban,341000,1497000,3003000,urban_xsmall,341000,3003000,1497000,432962.0702,4010309.213,0.049232641
1,1,G_6,0.026620536,6,RURAL,Interstate,Flat,336000,1625000,4511000,rural_flat,336000,4511000,1625000,260496.5314,1321960.456,0.029621376
1,2,G_6,0.001390544,6,RURAL,Other Freeway and Expressway,Flat,316000,1557000,4254000,rural_flat,316000,4254000,1557000,260496.5314,1321960.456,0.029621376
1,3,G_6,0.208458378,6,RURAL,Other Principal Arterial,Flat,296000,1491000,4073000,rural_flat,296000,4073000,1491000,260496.5314,1321960.456,0.029621376
1,4,G_6,0.216232256,6,RURAL,Minor Arterial,Flat,269000,1360000,3685000,rural_flat,269000,3685000,1360000,260496.5314,1321960.456,0.029621376
1,5,G_6,0.543402184,6,RURAL,Major Collector,Flat,240000,1228000,3382000,rural_flat,240000,3382000,1228000,260496.5314,1321960.456,0.029621376
1,6,G_6,0.00389434,6,RURAL,Minor Collector,Flat,212000,1117000,3046000,rural_flat,212000,3046000,1117000,260496.5314,1321960.456,0.029621376
1,7,G_6,1.76E-06,6,RURAL,Local,Flat,192000,1043000,2808000,rural_flat,192000,2808000,1043000,260496.5314,1321960.456,0.029621376
1,1,G_7,,7,RURAL,Interstate,Flat,336000,1625000,4511000,rural_flat,336000,4511000,1625000,,,0
1,2,G_7,,7,RURAL,Other Freeway and Expressway,Flat,316000,1557000,4254000,rural_flat,316000,4254000,1557000,,,0
1,3,G_7,,7,RURAL,Other Principal Arterial,Flat,296000,1491000,4073000,rural_flat,296000,4073000,1491000,,,0
1,4,G_7,,7,RURAL,Minor Arterial,Flat,269000,1360000,3685000,rural_flat,269000,3685000,1360000,,,0
1,5,G_7,,7,RURAL,Major Collector,Flat,240000,1228000,3382000,rural_flat,240000,3382000,1228000,,,0
1,6,G_7,,7,RURAL,Minor Collector,Flat,212000,1117000,3046000,rural_flat,212000,3046000,1117000,,,0
1,7,G_7,,7,RURAL,Local,Flat,192000,1043000,2808000,rural_flat,192000,2808000,1043000,,,0
4,1,H_1,0,1,URBAN,Interstate,Small Urban,589000,2379000,5848000,urban_xsmall,589000,5848000,2379000,456437.0984,4262509.044,0.051902015
4,2,H_1,0.071028969,1,URBAN,Other Freeway and Expressway,Small Urban,557000,2287000,5378000,urban_xsmall,557000,5378000,2287000,456437.0984,4262509.044,0.051902015
4,3,H_1,0.138210442,1,URBAN,Other Principal Arterial,Small Urban,527000,2199000,5019000,urban_xsmall,527000,5019000,2199000,456437.0984,4262509.044,0.051902015
4,4,H_1,0.292676008,1,URBAN,Minor Arterial,Small Urban,476000,2000000,4404000,urban_xsmall,476000,4404000,2000000,456437.0984,4262509.044,0.051902015
4,5,H_1,0.45731709,1,URBAN,Major Collector,Small Urban,415000,1760000,3856000,urban_xsmall,415000,3856000,1760000,456437.0984,4262509.044,0.051902015
4,6,H_1,0.033386126,1,URBAN,Minor Collector,Small Urban,372000,1600000,3364000,urban_xsmall,372000,3364000,1600000,456437.0984,4262509.044,0.051902015
4,7,H_1,0.007381337,1,URBAN,Local,Small Urban,341000,1497000,3003000,urban_xsmall,341000,3003000,1497000,456437.0984,4262509.044,0.051902015
5,1,H_2,0.005651555,2,URBAN,Interstate,Small Urbanized,666000,2761000,7601000,urban_small,666000,7601000,2761000,522912.2384,5803929.614,0.059460984
5,2,H_2,0.007463299,2,URBAN,Other Freeway and Expressway,Small Urbanized,630000,2653000,7091000,urban_small,630000,7091000,2653000,522912.2384,5803929.614,0.059460984
5,3,H_2,0.222234927,2,URBAN,Other Principal Arterial,Small Urbanized,596000,2548000,6673000,urban_small,596000,6673000,2548000,522912.2384,5803929.614,0.059460984
5,4,H_2,0.341440293,2,URBAN,Minor Arterial,Small Urbanized,539000,2305000,5928000,urban_small,539000,5928000,2305000,522912.2384,5803929.614,0.059460984
5,5,H_2,0.412672218,2,URBAN,Major Collector,Small Urbanized,469000,2021000,5216000,urban_small,469000,5216000,2021000,522912.2384,5803929.614,0.059460984
5,6,H_2,0.010523571,2,URBAN,Minor Collector,Small Urbanized,419000,1824000,4605000,urban_small,419000,4605000,1824000,522912.2384,5803929.614,0.059460984
5,7,H_2,1.41E-05,2,URBAN,Local,Small Urbanized,385000,1699000,4161000,urban_small,385000,4161000,1699000,522912.2384,5803929.614,0.059460984
4,1,H_3,0.306462121,3,URBAN,Interstate,Small Urban,589000,2379000,5848000,urban_xsmall,589000,5848000,2379000,507265.2439,4862793.511,0.057681745
4,2,H_3,0.13428306,3,URBAN,Other Freeway and Expressway,Small Urban,557000,2287000,5378000,urban_xsmall,557000,5378000,2287000,507265.2439,4862793.511,0.057681745
4,3,H_3,0.090829794,3,URBAN,Other Principal Arterial,Small Urban,527000,2199000,5019000,urban_xsmall,527000,5019000,2199000,507265.2439,4862793.511,0.057681745
4,4,H_3,0.164554724,3,URBAN,Minor Arterial,Small Urban,476000,2000000,4404000,urban_xsmall,476000,4404000,2000000,507265.2439,4862793.511,0.057681745
4,5,H_3,0.296006705,3,URBAN,Major Collector,Small Urban,415000,1760000,3856000,urban_xsmall,415000,3856000,1760000,507265.2439,4862793.511,0.057681745
4,6,H_3,0.007863597,3,URBAN,Minor Collector,Small Urban,372000,1600000,3364000,urban_xsmall,372000,3364000,1600000,507265.2439,4862793.511,0.057681745
4,7,H_3,0,3,URBAN,Local,Small Urban,341000,1497000,3003000,urban_xsmall,341000,3003000,1497000,507265.2439,4862793.511,0.057681745
1,1,H_4,0.004099818,4,RURAL,Interstate,Flat,336000,1625000,4511000,rural_flat,336000,4511000,1625000,259564.1565,1318122.426,0.029515355
1,2,H_4,0.010012948,4,RURAL,Other Freeway and Expressway,Flat,316000,1557000,4254000,rural_flat,316000,4254000,1557000,259564.1565,1318122.426,0.029515355
1,3,H_4,0.15976462,4,RURAL,Other Principal Arterial,Flat,296000,1491000,4073000,rural_flat,296000,4073000,1491000,259564.1565,1318122.426,0.029515355
1,4,H_4,0.332789981,4,RURAL,Minor Arterial,Flat,269000,1360000,3685000,rural_flat,269000,3685000,1360000,259564.1565,1318122.426,0.029515355
1,5,H_4,0.48661341,4,RURAL,Major Collector,Flat,240000,1228000,3382000,rural_flat,240000,3382000,1228000,259564.1565,1318122.426,0.029515355
1,6,H_4,0.006719224,4,RURAL,Minor Collector,Flat,212000,1117000,3046000,rural_flat,212000,3046000,1117000,259564.1565,1318122.426,0.029515355
1,7,H_4,0,4,RURAL,Local,Flat,192000,1043000,2808000,rural_flat,192000,2808000,1043000,259564.1565,1318122.426,0.029515355
5,1,H_5,0.016750724,5,URBAN,Interstate,Small Urbanized,666000,2761000,7601000,urban_small,666000,7601000,2761000,498510.0535,5530912.684,0.056686182
5,2,H_5,0.021817291,5,URBAN,Other Freeway and Expressway,Small Urbanized,630000,2653000,7091000,urban_small,630000,7091000,2653000,498510.0535,5530912.684,0.056686182
5,3,H_5,0.198392397,5,URBAN,Other Principal Arterial,Small Urbanized,596000,2548000,6673000,urban_small,596000,6673000,2548000,498510.0535,5530912.684,0.056686182
5,4,H_5,0.168621749,5,URBAN,Minor Arterial,Small Urbanized,539000,2305000,5928000,urban_small,539000,5928000,2305000,498510.0535,5530912.684,0.056686182
5,5,H_5,0.315388966,5,URBAN,Major Collector,Small Urbanized,469000,2021000,5216000,urban_small,469000,5216000,2021000,498510.0535,5530912.684,0.056686182
5,6,H_5,0.268724853,5,URBAN,Minor Collector,Small Urbanized,419000,1824000,4605000,urban_small,419000,4605000,1824000,498510.0535,5530912.684,0.056686182
5,7,H_5,0.010304016,5,URBAN,Local,Small Urbanized,385000,1699000,4161000,urban_small,385000,4161000,1699000,498510.0535,5530912.684,0.056686182
4,1,H_6,0.029942686,6,URBAN,Interstate,Small Urban,589000,2379000,5848000,urban_xsmall,589000,5848000,2379000,457205.0269,4282068.717,0.051989337
4,2,H_6,0.01480572,6,URBAN,Other Freeway and Expressway,Small Urban,557000,2287000,5378000,urban_xsmall,557000,5378000,2287000,457205.0269,4282068.717,0.051989337
4,3,H_6,0.196479115,6,URBAN,Other Principal Arterial,Small Urban,527000,2199000,5019000,urban_xsmall,527000,5019000,2199000,457205.0269,4282068.717,0.051989337
4,4,H_6,0.213846367,6,URBAN,Minor Arterial,Small Urban,476000,2000000,4404000,urban_xsmall,476000,4404000,2000000,457205.0269,4282068.717,0.051989337
4,5,H_6,0.541262633,6,URBAN,Major Collector,Small Urban,415000,1760000,3856000,urban_xsmall,415000,3856000,1760000,457205.0269,4282068.717,0.051989337
4,6,H_6,0.003657918,6,URBAN,Minor Collector,Small Urban,372000,1600000,3364000,urban_xsmall,372000,3364000,1600000,457205.0269,4282068.717,0.051989337
4,7,H_6,5.56E-06,6,URBAN,Local,Small Urban,341000,1497000,3003000,urban_xsmall,341000,3003000,1497000,457205.0269,4282068.717,0.051989337
4,1,I_2,0.013315222,2,URBAN,Interstate,Small Urban,589000,2379000,5848000,urban_xsmall,589000,5848000,2379000,468567.9115,4382343.746,0.053281425
4,2,I_2,0,2,URBAN,Other Freeway and Expressway,Small Urban,557000,2287000,5378000,urban_xsmall,557000,5378000,2287000,468567.9115,4382343.746,0.053281425
4,3,I_2,0.25750403,2,URBAN,Other Principal Arterial,Small Urban,527000,2199000,5019000,urban_xsmall,527000,5019000,2199000,468567.9115,4382343.746,0.053281425
4,4,I_2,0.373956184,2,URBAN,Minor Arterial,Small Urban,476000,2000000,4404000,urban_xsmall,476000,4404000,2000000,468567.9115,4382343.746,0.053281425
4,5,I_2,0.345953636,2,URBAN,Major Collector,Small Urban,415000,1760000,3856000,urban_xsmall,415000,3856000,1760000,468567.9115,4382343.746,0.053281425
4,6,I_2,0.009204318,2,URBAN,Minor Collector,Small Urban,372000,1600000,3364000,urban_xsmall,372000,3364000,1600000,468567.9115,4382343.746,0.053281425
4,7,I_2,6.66E-05,2,URBAN,Local,Small Urban,341000,1497000,3003000,urban_xsmall,341000,3003000,1497000,468567.9115,4382343.746,0.053281425
4,1,I_3,0.471594585,3,URBAN,Interstate,Small Urban,589000,2379000,5848000,urban_xsmall,589000,5848000,2379000,520377.4136,5024490.943,0.059172746
4,2,I_3,0,3,URBAN,Other Freeway and Expressway,Small Urban,557000,2287000,5378000,urban_xsmall,557000,5378000,2287000,520377.4136,5024490.943,0.059172746
4,3,I_3,0.128203531,3,URBAN,Other Principal Arterial,Small Urban,527000,2199000,5019000,urban_xsmall,527000,5019000,2199000,520377.4136,5024490.943,0.059172746
4,4,I_3,0.150436794,3,URBAN,Minor Arterial,Small Urban,476000,2000000,4404000,urban_xsmall,476000,4404000,2000000,520377.4136,5024490.943,0.059172746
4,5,I_3,0.244753796,3,URBAN,Major Collector,Small Urban,415000,1760000,3856000,urban_xsmall,415000,3856000,1760000,520377.4136,5024490.943,0.059172746
4,6,I_3,0.005011284,3,URBAN,Minor Collector,Small Urban,372000,1600000,3364000,urban_xsmall,372000,3364000,1600000,520377.4136,5024490.943,0.059172746
4,7,I_3,0,3,URBAN,Local,Small Urban,341000,1497000,3003000,urban_xsmall,341000,3003000,1497000,520377.4136,5024490.943,0.059172746
4,1,I_4,0,4,URBAN,Interstate,Small Urban,589000,2379000,5848000,urban_xsmall,589000,5848000,2379000,473866.3678,4439372.716,0.053883918
4,2,I_4,0,4,URBAN,Other Freeway and Expressway,Small Urban,557000,2287000,5378000,urban_xsmall,557000,5378000,2287000,473866.3678,4439372.716,0.053883918
4,3,I_4,0.348051914,4,URBAN,Other Principal Arterial,Small Urban,527000,2199000,5019000,urban_xsmall,527000,5019000,2199000,473866.3678,4439372.716,0.053883918
4,4,I_4,0.326287474,4,URBAN,Minor Arterial,Small Urban,476000,2000000,4404000,urban_xsmall,476000,4404000,2000000,473866.3678,4439372.716,0.053883918
4,5,I_4,0.325219139,4,URBAN,Major Collector,Small Urban,415000,1760000,3856000,urban_xsmall,415000,3856000,1760000,473866.3678,4439372.716,0.053883918
4,6,I_4,0.000441465,4,URBAN,Minor Collector,Small Urban,372000,1600000,3364000,urban_xsmall,372000,3364000,1600000,473866.3678,4439372.716,0.053883918
4,7,I_4,0,4,URBAN,Local,Small Urban,341000,1497000,3003000,urban_xsmall,341000,3003000,1497000,473866.3678,4439372.716,0.053883918
1,1,I_6,0.043870965,6,RURAL,Interstate,Flat,336000,1625000,4511000,rural_flat,336000,4511000,1625000,262198.7873,1328841.87,0.029814942
1,2,I_6,0.005547853,6,RURAL,Other Freeway and Expressway,Flat,316000,1557000,4254000,rural_flat,316000,4254000,1557000,262198.7873,1328841.87,0.029814942
1,3,I_6,0.201077145,6,RURAL,Other Principal Arterial,Flat,296000,1491000,4073000,rural_flat,296000,4073000,1491000,262198.7873,1328841.87,0.029814942
1,4,I_6,0.218416404,6,RURAL,Minor Arterial,Flat,269000,1360000,3685000,rural_flat,269000,3685000,1360000,262198.7873,1328841.87,0.029814942
1,5,I_6,0.530056985,6,RURAL,Major Collector,Flat,240000,1228000,3382000,rural_flat,240000,3382000,1228000,262198.7873,1328841.87,0.029814942
1,6,I_6,0.001030646,6,RURAL,Minor Collector,Flat,212000,1117000,3046000,rural_flat,212000,3046000,1117000,262198.7873,1328841.87,0.029814942
1,7,I_6,0,6,RURAL,Local,Flat,192000,1043000,2808000,rural_flat,192000,2808000,1043000,262198.7873,1328841.87,0.029814942
1,1,I_7,,7,RURAL,Interstate,Flat,336000,1625000,4511000,rural_flat,336000,4511000,1625000,,,0
1,2,I_7,,7,RURAL,Other Freeway and Expressway,Flat,316000,1557000,4254000,rural_flat,316000,4254000,1557000,,,0
1,3,I_7,,7,RURAL,Other Principal Arterial,Flat,296000,1491000,4073000,rural_flat,296000,4073000,1491000,,,0
1,4,I_7,,7,RURAL,Minor Arterial,Flat,269000,1360000,3685000,rural_flat,269000,3685000,1360000,,,0
1,5,I_7,,7,RURAL,Major Collector,Flat,240000,1228000,3382000,rural_flat,240000,3382000,1228000,,,0
1,6,I_7,,7,RURAL,Minor Collector,Flat,212000,1117000,3046000,rural_flat,212000,3046000,1117000,,,0
1,7,I_7,,7,RURAL,Local,Flat,192000,1043000,2808000,rural_flat,192000,2808000,1043000,,,0
,,,,,,,,,,,,,,,,,